1,1,1,8,-0.486,-5.038,0.876,0,0,1,0,1,1
0,1,3,0,1.657,-2.598,-0.586,0,0,0,0,2,0
0,2,1,4,0.609,0.138,0.692,0,0,0,1,1,0
0,0,0,0,0.270,-18.259,0.206,0,0,0,0,1,1
0,1,2,7,1.747,-18.092,0.775,0,0,0,0,3,1
0,2,1,5,0.938,0.711,0.853,0,1,0,0,1,1
0,4,1,0,-0.031,-8.982,-0.332,0,0,0,1,3,1
0,1,1,3,1.869,-9.538,-0.375,0,0,0,0,1,0
1,5,1,4,1.338,1.864,0.152,0,0,0,0,5,1
0,0,1,1,-0.018,-12.900,-0.133,0,1,0,0,2,0
0,2,0,0,0.069,-10.905,-0.155,0,0,0,0,3,1
0,6,2,2,-0.722,-0.223,0.864,0,0,1,0,3,0
0,6,0,3,0.073,-13.805,-0.511,0,0,0,0,3,0
0,0,0,0,-0.772,4.152,0.390,0,0,0,0,3,0
1,4,2,3,0.317,-11.594,0.246,0,0,0,0,3,0
0,3,2,7,0.108,-16.967,0.725,1,1,0,0,5,0
0,4,2,3,0.574,-2.729,0.456,0,0,0,0,1,0
0,0,3,2,-0.688,1.268,-0.455,0,0,0,0,5,0
1,6,3,2,1.962,-9.551,-0.898,0,0,1,1,3,0
0,0,3,1,0.828,-7.178,-0.464,1,0,0,0,5,0
0,6,0,8,0.331,-4.498,-0.858,1,0,0,0,2,0
0,3,3,3,1.278,0.387,0.659,1,1,0,0,3,0
0,1,3,5,-0.815,0.150,0.331,1,1,1,0,3,0
0,0,1,2,-0.794,-14.272,-0.119,0,0,0,0,2,0
0,1,0,8,0.234,-16.382,0.559,1,0,0,0,5,1
0,4,2,2,0.555,-13.311,0.796,0,0,0,0,5,0
0,0,1,4,1.302,-9.556,-0.993,0,0,0,0,3,0
0,6,1,4,0.086,-12.758,0.481,1,0,0,0,1,1
0,0,3,3,1.415,-0.994,0.613,1,0,0,0,4,0
0,1,0,6,0.105,-10.190,-0.740,0,0,0,1,3,1
1,5,3,8,1.532,-16.885,0.004,1,1,0,1,3,1
0,4,0,4,0.300,-2.504,-0.611,0,0,0,0,5,0
0,1,2,7,0.653,-5.600,-0.281,0,1,0,0,4,1
0,0,3,2,1.185,1.625,0.780,0,0,0,0,1,1
1,4,1,2,0.285,0.191,-0.628,0,1,0,0,5,1
0,5,1,2,-0.728,-17.492,0.385,0,0,0,0,4,0
0,6,1,2,-0.965,-11.615,0.433,0,0,0,0,2,1
0,2,3,3,0.420,-15.768,0.779,1,0,0,0,2,1
0,1,1,3,0.102,-0.228,-0.670,0,0,0,0,2,1
0,0,3,6,-0.040,-15.531,-0.265,1,0,0,0,4,1
0,5,1,4,-0.118,-3.212,-0.935,0,0,1,0,4,1
0,2,1,7,-0.351,2.777,0.580,1,0,0,0,3,1
0,4,0,3,1.419,-13.408,0.788,0,0,0,0,4,1
0,0,2,4,0.328,-0.246,0.269,1,0,0,1,3,0
0,1,3,2,-0.862,3.571,0.615,0,0,0,0,3,0
0,3,3,8,0.907,-0.305,0.239,0,0,0,0,3,0
0,2,0,1,0.822,-3.848,0.962,0,0,0,0,3,0
0,4,1,3,0.301,-1.022,0.657,0,0,0,0,3,0
1,3,3,4,0.097,-12.802,-0.484,0,0,0,0,4,0
0,1,0,6,0.587,-14.390,0.705,0,0,0,0,2,0
0,4,2,5,1.824,-18.364,-0.999,0,0,0,0,5,1
1,4,2,3,0.647,-12.634,0.397,1,0,0,1,1,0
1,6,2,2,0.977,-0.387,-0.040,1,0,0,0,1,0
1,5,0,4,1.446,-16.534,-0.059,0,0,1,0,5,0
0,2,1,5,1.739,-4.459,-0.781,1,0,0,1,5,0
0,6,1,1,1.354,-12.400,0.152,0,0,0,0,2,0
0,0,3,8,1.297,-9.348,-0.521,0,0,0,0,1,1
0,3,2,0,-0.165,-2.122,-0.832,0,0,0,0,3,1
0,4,2,0,-0.210,-16.994,-0.980,1,0,0,0,1,0
0,1,1,7,0.157,1.046,-0.607,1,0,0,0,4,1
0,3,2,6,-0.453,-5.264,0.454,0,0,0,0,2,0
0,2,0,6,1.302,-18.898,0.406,1,0,0,0,3,0
0,2,2,8,1.765,-1.534,0.666,1,0,0,0,1,1
1,5,3,8,1.559,-15.523,0.109,0,0,0,0,1,1
1,5,1,8,0.158,-16.101,-0.107,0,0,1,1,3,1
0,2,1,0,1.644,-14.482,-0.951,0,0,0,0,1,1
0,0,3,1,-0.556,2.934,0.445,0,0,0,0,3,1
1,5,2,1,-0.533,-6.623,0.896,0,0,0,0,2,1
0,4,1,4,0.359,-15.768,-0.317,0,0,0,0,3,1
0,5,1,0,0.433,-7.970,-0.437,0,0,0,0,3,0
0,1,0,7,0.221,1.892,-0.809,0,0,0,1,1,1
0,6,2,7,-0.809,-12.678,0.214,0,0,0,0,3,1
1,3,2,8,0.501,-13.764,0.065,0,0,0,0,4,1
1,5,3,3,1.450,-0.819,-0.384,1,0,0,0,5,1
0,1,3,4,1.220,-15.785,-0.896,0,0,0,0,5,0
0,3,0,1,-0.483,-17.577,0.606,0,0,0,1,2,0
0,3,2,7,0.489,-7.222,-0.412,0,0,0,0,1,1
0,2,2,5,1.686,-2.126,0.046,0,0,0,0,3,1
1,4,3,4,0.045,-15.177,0.534,0,0,0,0,5,1
0,4,0,6,-0.479,-4.817,0.032,0,1,0,0,3,0
0,0,2,2,1.285,-5.500,0.103,0,0,0,0,5,0
0,5,0,0,-0.522,-17.939,0.860,0,0,0,0,1,1
1,5,2,5,1.769,-18.370,-0.859,0,0,0,0,4,0
0,4,0,5,-0.976,-9.631,0.657,0,0,1,0,5,0
1,3,2,5,0.796,-1.752,-0.747,1,0,0,0,3,0
1,6,3,8,1.924,-10.562,-0.148,0,0,0,0,5,0
1,2,2,5,1.932,-17.071,-0.752,0,1,0,0,3,0
0,3,1,2,1.292,-5.913,0.694,0,0,1,0,2,1
1,5,3,3,1.225,-1.725,0.160,1,0,0,0,4,1
0,2,3,0,-0.799,-11.475,0.592,1,0,0,0,5,0
1,5,2,8,0.354,-19.385,0.396,0,0,0,1,3,1
0,0,0,8,1.230,2.729,0.705,0,0,1,0,5,1
0,4,0,6,1.653,-11.960,-0.980,0,0,0,0,2,1
0,6,2,0,-0.932,3.500,0.343,1,1,0,0,2,0
0,6,1,7,1.245,-6.183,0.340,0,0,0,0,2,0
0,1,1,3,0.623,-4.259,0.483,0,0,0,0,1,0
0,4,0,7,1.859,-17.580,0.621,0,0,0,0,3,1
1,5,2,8,0.426,-0.982,-0.397,0,0,0,0,5,1
0,1,0,3,-0.096,-19.527,0.149,1,0,0,0,4,0
1,4,2,3,0.606,-16.235,-0.876,0,0,0,0,5,0
0,0,1,6,1.700,-16.848,-0.586,1,0,0,0,3,1
0,1,3,6,0.640,-18.735,0.401,0,0,0,0,2,0
0,2,0,4,1.592,-14.814,-0.010,0,0,0,0,1,1
0,4,0,6,-0.839,-7.855,-0.543,1,0,0,0,1,0
0,4,0,7,0.886,-14.263,0.166,0,0,0,0,2,0
0,2,3,2,-0.021,2.059,-0.134,0,0,0,0,3,1
0,1,3,8,0.633,-12.168,0.411,0,0,0,0,2,0
0,2,3,4,1.216,-19.373,-0.066,0,0,0,0,1,0
0,2,0,8,-0.147,-13.418,-0.326,0,0,0,0,4,0
0,5,1,8,0.302,-18.734,0.896,0,0,0,0,1,0
0,5,3,3,1.279,-9.600,-0.345,1,0,0,0,1,0
0,0,3,0,-0.015,-4.292,0.754,0,0,0,0,1,0
0,2,2,0,1.663,-8.464,-0.507,0,0,0,0,1,1
0,1,1,8,0.743,2.836,0.084,0,0,0,0,5,0
1,4,2,7,-0.569,-14.796,0.265,0,0,0,0,1,1
0,5,0,1,-0.519,-13.814,-0.945,0,0,0,0,4,1
0,2,0,5,1.357,1.023,0.168,0,0,0,0,3,0
0,3,3,5,0.208,-6.147,-0.773,0,0,0,0,2,0
0,3,0,1,-0.690,-19.738,-0.648,0,0,0,0,2,0
0,5,3,1,-0.653,-5.806,-0.788,0,0,0,0,1,0
1,6,0,8,-0.267,-8.608,-0.398,0,0,0,0,2,1
1,4,3,0,0.087,-7.325,-0.923,1,0,0,1,2,0
0,5,0,7,0.166,-0.967,-0.083,0,0,0,1,2,1
0,0,0,3,1.382,-19.052,-0.444,0,0,0,0,2,0
0,2,3,3,1.903,3.526,0.537,0,0,0,0,4,1
1,3,1,0,0.222,-16.945,-0.749,0,0,0,0,1,1
0,1,3,6,0.737,-12.283,-0.893,0,0,1,0,4,0
0,2,2,7,1.981,-8.564,-0.361,0,0,0,0,1,0
0,2,3,8,0.893,-16.680,-0.547,0,0,0,1,2,0
0,1,3,3,1.566,-3.609,-0.289,1,0,0,0,4,1
0,3,3,6,0.845,-5.000,0.145,1,0,0,1,4,0
0,2,2,6,1.945,-7.554,0.493,0,0,0,0,1,0
1,6,2,1,0.753,-16.053,0.887,0,0,0,0,5,1
0,1,0,1,-0.286,-7.685,-0.028,0,0,0,1,2,0
0,4,3,5,1.774,2.787,0.898,0,0,0,0,1,0
0,0,3,8,1.750,-14.059,0.752,0,0,1,0,2,1
0,1,1,8,0.563,-0.128,0.598,0,0,0,0,1,1
1,3,3,4,0.429,-5.005,0.772,1,0,0,0,1,1
0,2,2,2,1.468,4.850,0.730,0,0,0,0,4,0
0,4,2,0,0.535,-2.911,-0.349,1,0,0,0,1,0
0,6,1,1,0.801,-5.657,-0.641,0,0,0,0,5,1
1,2,1,6,1.705,-16.758,-0.816,1,0,1,0,1,1
1,4,0,8,1.386,-14.301,0.498,0,0,1,0,4,0
0,3,2,7,0.120,-3.651,-0.939,0,0,0,0,3,0
1,6,3,1,1.600,-14.329,0.339,1,0,0,0,2,0
0,3,3,2,0.625,-3.195,0.172,0,0,0,0,5,1
0,3,0,0,1.964,-1.284,-0.493,0,0,0,0,4,0
1,3,3,2,1.879,-14.620,-0.994,0,0,0,0,5,1
0,1,1,6,1.698,0.687,-0.413,0,0,0,0,5,0
0,0,0,1,-0.506,-2.902,-0.122,0,0,0,0,4,0
1,6,0,7,0.850,-19.060,-0.899,0,0,0,0,3,1
0,1,3,0,-0.485,4.842,0.106,0,0,1,1,4,1
0,3,2,8,1.521,-2.434,-0.223,1,0,0,1,3,0
1,6,3,1,0.110,-3.735,0.256,1,0,0,0,4,0
0,1,1,5,-0.374,-11.117,-0.029,0,0,0,0,1,0
0,4,0,7,0.249,-9.308,-0.432,1,0,0,0,2,1
0,4,0,1,-0.350,-5.538,0.707,0,0,1,0,2,0
0,3,3,3,-0.074,-18.453,0.451,1,0,1,0,5,1
0,4,1,7,-0.368,0.703,0.203,0,0,0,0,2,0
0,4,0,7,-0.477,-11.213,0.092,0,0,1,0,5,1
0,2,0,6,-0.453,3.427,-0.598,0,0,0,0,1,0
0,6,1,0,-0.347,-7.809,0.096,0,0,0,0,3,0
0,1,3,4,-0.784,-10.981,-0.253,0,0,0,0,2,1
0,3,2,0,1.155,-19.962,-0.839,0,0,1,0,4,1
0,0,2,7,1.170,-0.289,-0.534,0,0,0,0,3,0
0,5,1,5,0.899,3.676,0.903,1,0,1,0,4,1
1,2,2,8,0.224,-12.183,-0.580,0,1,0,0,3,1
0,0,0,0,0.188,-15.383,0.324,1,0,0,0,3,0
1,5,0,0,0.152,-14.096,0.491,1,0,0,0,4,1
0,2,3,8,-0.486,-15.116,-0.613,0,0,0,0,3,1
1,1,3,1,1.310,-6.293,0.670,0,1,0,0,3,1
0,2,1,0,1.508,-11.665,-0.352,0,0,0,0,1,0
1,1,3,1,0.979,-10.771,-0.090,0,0,0,0,2,0
0,0,3,6,1.547,3.457,-0.076,0,0,0,0,3,0
0,5,1,3,0.648,-13.552,-0.178,1,0,0,0,1,0
1,6,3,3,1.043,-0.219,0.858,0,0,0,1,1,1
0,6,3,7,0.001,-5.923,0.936,0,0,0,1,3,0
0,5,3,3,1.647,-15.280,-0.035,0,0,0,1,4,1
0,3,3,3,0.087,-0.263,0.259,0,0,0,0,5,0
0,2,3,2,-0.715,-12.442,0.873,1,0,0,1,3,1
0,1,0,6,1.053,-11.950,-0.647,1,0,0,0,5,0
0,5,3,0,1.269,-17.695,0.591,1,0,0,0,1,0
0,6,3,3,1.280,-4.111,-0.284,1,1,0,0,3,1
0,1,1,4,1.658,-8.156,0.355,0,0,0,0,3,0
1,3,3,2,0.294,-3.885,-0.362,0,1,0,0,1,1
0,5,3,7,0.738,-6.678,0.278,0,0,0,0,4,0
1,0,3,5,1.352,-18.936,0.745,1,0,0,0,4,0
0,2,1,5,1.557,-7.069,0.127,1,0,0,0,1,1
0,3,2,6,-0.385,-17.149,-0.657,0,0,0,0,3,1
1,2,2,7,1.590,-2.107,-0.382,0,1,0,1,3,0
1,2,1,1,0.655,-8.544,0.199,1,0,0,0,4,0
0,1,1,8,0.128,-14.384,-0.429,1,0,0,0,2,1
1,3,2,4,0.975,-4.427,-0.994,1,1,0,0,4,1
0,5,3,1,-0.969,-19.151,0.401,0,0,0,0,5,0
1,4,0,2,1.854,4.725,-0.438,1,1,0,0,5,1
0,1,2,5,1.831,-5.368,-0.349,0,0,1,0,2,1
1,5,3,7,1.949,-18.206,-0.553,0,0,1,1,2,0
0,6,3,6,-0.328,-0.430,-0.940,0,0,0,0,1,1
0,1,1,8,-0.504,2.422,0.609,0,0,0,0,2,0
0,3,3,1,0.183,-16.726,-0.292,0,0,1,0,5,1
0,0,1,7,0.422,-8.450,0.941,0,0,0,0,1,0
0,1,1,3,1.348,-2.485,-0.893,0,0,0,0,3,1
0,5,3,5,-0.926,-11.737,0.536,0,0,0,0,1,1
1,4,2,6,0.261,-1.546,-0.242,0,0,0,0,4,0
0,2,2,4,0.399,-17.728,0.978,1,0,0,0,4,1
0,1,0,7,1.413,-10.673,-0.881,1,0,0,0,1,0
0,0,0,0,0.334,-3.397,-0.881,1,0,0,0,1,0
0,5,2,1,0.905,-1.092,0.769,0,0,1,0,2,1
1,5,2,6,1.850,-17.648,0.646,1,0,0,0,3,0
1,6,3,4,0.702,-17.396,0.834,0,1,0,0,4,1
0,4,2,6,1.030,2.925,0.978,0,0,0,0,1,0
0,5,1,5,0.053,-2.273,-0.994,0,0,0,0,1,1
0,0,0,6,-0.524,-0.424,-0.252,0,0,0,0,1,0
1,5,2,2,0.179,-5.431,0.769,1,0,0,1,4,0
0,0,2,1,-0.692,-10.651,0.804,0,0,0,0,5,1
0,6,1,0,1.208,3.097,-0.684,0,0,1,0,4,1
0,0,0,3,0.638,-18.516,-0.412,0,0,1,0,2,1
1,2,1,1,0.748,-18.450,-0.011,1,0,0,0,5,1
0,0,0,5,0.411,-0.807,-0.327,1,0,0,0,5,0
1,1,3,2,-0.664,-4.837,0.857,0,1,0,0,5,1
0,3,2,7,-0.714,-11.041,0.405,0,1,1,0,3,0
0,5,0,1,0.515,1.694,-0.931,0,0,0,0,1,0
0,4,2,5,1.424,1.299,-0.454,0,0,0,0,5,1
1,5,1,6,0.373,-13.399,-0.854,0,0,1,0,3,0
1,4,3,6,1.523,3.336,-0.931,0,1,0,0,3,0
0,3,1,3,1.771,-14.616,-0.414,0,0,1,0,3,1
0,6,1,0,1.571,-3.266,-0.399,1,0,0,0,5,1
0,5,2,4,1.919,1.810,0.588,0,0,0,0,5,0
1,4,3,3,0.485,-2.223,0.256,0,1,0,0,5,0
0,2,0,1,-0.074,-7.144,-0.895,0,0,0,0,3,0
1,6,1,6,1.900,-12.160,0.162,0,1,0,0,1,1
0,4,0,4,-0.489,0.391,-0.975,1,0,0,0,5,1
0,2,3,2,-0.738,-7.678,-0.220,1,0,0,0,2,0
0,0,1,0,1.417,-13.858,-0.886,1,0,0,0,3,0
1,5,3,3,0.420,3.353,0.178,1,0,0,0,5,0
1,2,3,8,-0.646,-9.998,-0.990,0,0,1,0,4,0
0,4,1,2,1.067,-3.527,0.976,0,0,0,0,3,0
1,5,2,8,1.034,-10.888,-0.526,0,0,0,0,3,0
0,3,3,3,-0.852,-5.899,-0.253,1,0,0,0,1,0
0,0,3,1,1.186,-10.344,-0.229,0,0,0,0,5,1
0,2,3,8,-0.235,-4.081,-0.378,0,0,0,0,3,0
1,5,3,0,0.475,-10.607,0.006,0,1,0,0,5,0
0,2,3,4,-0.097,3.723,0.181,0,0,0,0,4,0
0,3,3,0,0.171,-10.052,-0.561,1,0,0,1,3,1
1,6,2,0,1.559,-5.739,0.453,0,0,0,1,3,1
0,1,0,4,1.397,0.202,0.817,0,0,1,0,4,1
0,0,1,5,1.534,1.444,0.141,1,0,0,0,4,1
0,3,2,1,-0.470,-6.960,0.678,0,0,0,0,5,0
0,2,0,7,1.208,-3.518,0.120,0,0,0,0,1,0
0,4,3,2,-0.163,-19.959,-0.568,0,0,0,0,1,0
1,1,3,7,-0.872,-8.007,0.627,0,0,1,0,4,0
1,2,0,4,1.687,1.049,0.672,1,0,0,0,4,0
1,3,3,0,1.529,0.265,0.421,1,0,1,0,3,0
0,5,3,7,0.430,-17.042,0.307,0,0,0,0,1,0
0,3,2,2,1.026,-5.308,-0.456,0,0,0,0,3,0
0,0,3,5,-0.943,4.897,0.733,0,1,0,0,5,1
0,1,0,6,0.410,-2.785,-0.071,0,0,0,0,2,0
1,1,3,8,1.341,-17.844,0.021,0,0,0,0,3,1
0,5,0,0,0.094,-1.783,0.061,1,0,0,0,4,1
0,2,2,2,-0.044,4.262,0.239,0,1,0,0,4,1
0,0,0,8,-0.536,-2.929,0.106,0,1,0,0,3,0
0,1,3,0,-0.822,-3.422,0.424,0,0,0,0,1,1
0,4,0,0,-0.066,-12.275,-0.848,1,0,0,0,5,0
0,4,3,6,-0.458,-18.146,0.239,0,0,0,0,4,0
0,1,3,8,-0.829,-10.523,0.794,0,0,0,0,3,0
1,6,0,3,0.883,-18.219,0.369,0,0,0,0,2,1
0,3,1,1,-0.665,1.309,-0.510,1,0,0,0,5,1
0,1,2,2,1.066,4.339,-0.598,0,0,0,0,4,1
0,3,0,4,0.672,-2.820,-0.377,0,0,0,0,2,0
0,0,1,6,1.040,-2.664,0.201,0,0,1,0,1,1
1,0,2,3,1.027,-17.930,-0.508,0,1,0,1,4,1
1,5,0,5,0.951,-3.430,-0.427,0,1,0,0,5,0
0,0,0,1,-0.109,-15.229,0.953,0,0,0,0,3,0
0,4,2,3,-0.902,2.678,0.208,0,0,0,0,1,1
0,3,0,8,0.056,-4.184,0.791,0,1,0,0,1,1
0,6,3,4,0.663,-1.250,-0.976,1,0,0,0,4,0
0,1,0,3,-0.513,-6.850,-0.229,1,0,0,0,4,0
0,2,3,2,0.114,2.150,-0.194,0,0,0,0,4,1
1,6,1,6,1.723,3.861,0.441,1,0,0,1,3,1
0,2,3,5,0.564,-9.370,-0.230,1,1,0,0,4,1
1,2,0,7,-0.771,-17.589,0.560,0,0,0,0,2,0
0,5,0,8,0.691,-19.405,-0.605,0,1,0,0,4,0
0,1,2,8,0.831,-5.955,0.183,0,0,0,0,2,0
0,6,1,7,1.457,-18.130,-0.766,1,0,0,0,3,1
1,4,3,1,0.428,-16.382,0.236,0,0,1,0,5,0
0,1,1,8,-0.640,0.663,0.756,0,0,0,1,3,1
0,0,2,2,0.271,-8.049,-0.916,1,0,1,0,3,0
0,0,0,3,1.372,-18.944,-0.046,0,0,0,0,4,1
0,1,0,2,-0.430,-4.748,0.740,0,0,0,0,4,0
0,2,0,6,0.121,-2.235,0.207,1,0,0,0,1,0
0,2,0,2,1.757,-3.707,0.384,0,0,0,1,3,1
0,3,0,4,0.097,2.057,-0.724,0,0,1,0,2,1
1,5,3,6,1.788,3.217,-0.858,0,0,0,0,4,1
0,1,1,4,1.800,-6.525,0.139,0,0,0,0,4,0
0,6,0,5,0.415,-17.728,0.870,0,1,0,0,3,0
0,2,1,6,1.103,-2.192,-0.352,0,0,0,1,5,0
0,0,0,0,1.354,-9.260,0.089,0,0,0,0,5,1
0,3,2,5,-0.581,-18.250,-0.147,0,0,0,0,5,1
0,4,2,7,-0.915,-15.826,-0.970,0,0,1,0,2,0
0,5,3,6,-0.188,-1.688,0.450,0,0,0,0,5,1
0,5,0,5,-0.722,4.099,-0.719,0,0,0,0,1,0
0,6,2,3,-0.274,-2.451,0.472,0,0,0,0,3,1
0,0,2,4,1.782,-7.693,-0.261,0,0,0,0,2,0
0,4,0,3,0.340,-1.367,-0.904,0,0,0,1,4,1
0,1,1,4,0.093,-16.490,-0.306,0,0,0,0,3,1
0,4,0,3,0.525,-19.375,0.617,1,0,0,0,2,0
1,4,2,0,0.702,-19.845,-0.327,0,0,0,1,3,1
0,4,1,6,-0.889,-15.007,-0.541,0,0,0,0,4,1
1,4,3,8,0.977,-6.446,0.839,0,0,0,0,2,1
0,5,2,8,-0.724,-3.081,-0.157,0,0,1,0,1,0
0,5,1,4,-0.123,-8.656,-0.460,0,0,0,1,3,0
0,5,1,8,-0.359,-16.017,0.320,0,0,0,0,4,0
0,5,2,1,1.259,-2.777,0.841,1,0,0,0,2,1
1,6,1,0,0.581,-7.684,-0.043,0,0,1,0,1,1
0,5,2,5,-0.088,-15.245,0.903,0,0,1,0,2,1
0,0,2,2,0.388,-10.308,0.489,0,0,0,0,5,1
0,1,2,0,1.329,-14.530,-0.968,1,0,0,0,2,0
1,5,3,3,-0.070,-10.213,-0.137,1,0,0,0,3,0
0,4,2,5,-0.435,-2.941,-0.395,1,0,1,0,2,1
0,6,0,1,1.840,3.985,-0.459,1,0,0,0,4,1
0,6,1,7,0.082,4.025,-0.269,0,0,1,1,3,0
0,5,0,8,1.027,-2.914,0.194,0,0,1,0,1,0
0,3,3,0,0.497,-11.579,-0.729,0,0,1,0,2,1
0,3,3,6,-0.786,-8.342,-0.054,0,1,0,0,5,0
0,1,3,2,0.276,-16.261,-0.116,1,0,0,0,5,0
0,2,1,4,-0.950,-10.206,-0.716,0,0,1,0,3,0
1,5,3,0,0.274,0.809,0.205,0,0,0,0,1,1
0,5,1,4,0.242,-1.508,0.206,1,0,0,0,4,1
0,1,3,5,1.630,2.136,-0.354,0,0,0,0,3,1
0,1,2,6,-0.763,-3.923,-0.184,0,0,0,0,1,1
0,5,0,7,1.311,-11.503,0.762,0,0,0,0,1,1
0,6,2,7,-0.017,-1.883,-0.319,1,0,0,0,2,0
0,6,2,8,1.797,-5.505,0.537,0,0,0,0,4,1
0,0,2,2,0.102,-10.050,0.066,1,0,0,0,4,0
1,1,2,4,1.600,-14.851,0.974,0,0,0,0,4,1
0,3,3,0,0.662,-12.737,0.655,0,0,0,0,3,0
0,2,0,6,0.771,-11.014,-0.261,0,0,1,0,2,0
0,3,0,4,1.402,-10.908,0.933,0,0,0,1,1,0
0,2,3,4,-0.412,-2.820,0.011,1,0,1,0,2,0
0,1,2,8,1.245,-3.235,0.119,0,0,0,0,5,1
1,6,1,6,1.062,-18.344,0.170,1,0,0,0,2,1
0,6,1,5,-0.335,-7.248,-0.567,1,0,1,0,4,1
0,2,0,8,0.265,-13.601,0.435,0,0,0,0,4,1
0,2,1,1,-0.690,-8.618,-0.814,1,0,0,0,5,0
0,4,1,0,-0.437,-3.261,0.900,0,0,0,0,5,1
0,6,0,8,-0.633,-8.417,-0.908,0,0,1,0,1,0
0,1,0,1,0.414,-16.846,0.840,0,0,0,0,5,0
0,1,1,5,0.741,-0.273,-0.696,0,0,0,0,2,1
0,4,0,5,-0.865,-13.728,0.497,0,0,0,0,3,1
0,2,0,7,1.179,-19.129,-0.650,0,0,0,0,4,0
0,1,0,1,0.572,-10.450,0.267,1,0,0,0,2,0
0,5,2,0,0.033,1.744,0.987,1,0,0,0,3,0
0,1,2,3,1.443,-19.288,-0.578,0,0,0,0,4,0
0,1,3,4,0.714,-19.666,-0.058,0,1,1,0,4,1
0,3,0,4,0.220,3.808,0.009,1,0,1,0,3,0
0,2,3,5,-0.170,-4.650,0.635,0,0,0,0,2,0
0,3,3,1,-0.120,0.598,-0.952,1,0,0,0,5,0
0,2,2,8,0.589,-8.652,-0.115,0,0,0,0,1,0
1,6,3,1,-0.234,-10.787,-0.448,0,1,0,0,2,0
0,4,1,0,-0.489,-7.996,0.100,0,0,0,0,5,0
1,4,1,6,1.784,-9.123,0.192,1,0,1,0,5,1
1,5,2,4,1.240,-17.664,-0.283,0,0,1,0,4,0
0,5,0,1,-0.631,-18.257,0.069,1,0,0,0,3,1
0,2,2,5,0.381,0.912,0.916,0,1,0,0,4,1
0,2,2,6,0.884,3.133,-0.288,1,0,0,0,1,1
1,3,2,3,1.192,-7.721,0.386,1,0,0,0,5,1
0,6,1,5,1.518,-0.954,-0.848,0,0,0,0,2,0
0,0,0,0,-0.049,-14.979,0.649,0,0,0,0,1,1
1,1,2,7,1.010,-19.110,-0.415,0,1,0,0,5,1
0,0,2,1,1.380,3.237,-0.175,1,1,1,0,1,1
0,0,3,1,-0.405,-11.304,0.543,0,0,0,0,5,0
0,5,3,4,-0.163,-5.640,0.154,0,0,0,0,5,0
0,1,1,3,-0.552,-15.157,0.134,1,0,0,0,2,0
0,2,0,0,-0.535,3.581,-0.074,1,0,0,0,2,1
1,0,1,0,1.022,-14.128,0.224,0,0,0,0,2,1
0,1,3,5,0.068,3.691,0.606,1,0,0,0,3,1
0,3,0,0,-0.636,4.910,0.497,0,0,0,0,5,1
0,3,2,5,-0.280,-1.682,0.759,0,0,0,0,1,0
1,3,0,8,1.854,-2.573,-0.732,0,1,1,0,5,0
0,6,1,5,0.538,-5.601,0.493,0,0,0,0,3,1
0,3,3,8,-0.839,-19.408,-0.905,0,0,0,0,1,0
0,3,2,2,0.244,-9.245,-0.837,0,0,0,0,4,0
0,6,2,3,0.819,-16.508,-0.883,0,0,0,0,3,1
1,5,3,0,0.446,-13.990,0.240,0,0,0,0,1,1
0,0,2,6,1.213,-14.828,-0.859,0,1,0,0,5,0
1,5,1,8,1.342,-12.710,-0.003,1,0,0,0,5,0
0,3,2,1,-0.443,1.088,-0.780,0,0,0,0,4,0
0,0,2,0,1.789,1.472,-0.123,0,0,0,0,1,0
0,6,2,8,0.045,-8.291,-0.582,1,0,0,0,1,1
1,5,2,5,1.768,-4.581,0.550,0,0,0,1,1,1
1,5,1,4,1.622,-0.200,-0.158,0,0,0,1,3,0
0,5,1,3,-0.904,-9.719,-0.780,0,0,0,1,2,0
0,6,1,6,-0.632,-16.182,0.892,0,0,0,0,4,0
0,1,1,1,0.359,-4.178,-0.295,0,1,0,0,3,1
0,0,3,0,-0.194,-6.074,0.110,1,0,0,0,4,0
0,2,2,2,0.053,-19.843,0.541,0,0,0,0,5,0
0,6,3,0,1.176,-2.262,-0.548,1,0,0,0,5,0
0,3,2,5,0.347,-4.792,0.770,0,0,0,0,4,1
1,6,1,7,-0.128,-3.914,0.539,1,0,1,0,4,1
1,6,1,7,1.519,-13.656,0.383,0,0,0,0,1,1
0,1,0,3,1.379,-1.984,0.639,0,1,0,0,2,0
0,0,1,8,1.124,-16.926,-0.800,1,0,0,0,1,0
1,6,3,7,1.281,-4.651,-0.558,0,0,1,0,2,0
0,4,0,5,0.897,-7.275,0.591,0,0,0,0,1,0
0,3,3,6,1.452,4.115,0.956,0,0,0,0,4,1
0,1,2,5,1.173,-15.384,0.972,0,0,0,0,3,0
0,0,1,2,0.640,-12.145,0.211,0,0,0,0,5,1
0,3,0,1,0.731,0.289,0.629,1,0,1,0,4,1
1,4,0,1,1.585,2.224,-0.895,0,1,0,0,1,0
1,1,3,3,-0.800,-14.811,-0.425,1,0,0,1,5,0
0,0,0,1,1.254,-13.483,-0.366,0,0,0,0,1,1
0,5,2,5,0.243,4.003,-0.228,0,0,1,0,2,0
0,0,0,4,0.308,-7.025,-0.833,0,0,0,0,5,0
0,6,0,6,0.467,-17.931,-0.056,0,0,0,0,2,1
1,4,3,3,1.852,-6.631,0.476,1,1,0,0,2,1
0,5,3,7,-0.313,-5.180,0.183,1,0,0,0,4,1
0,1,3,7,1.326,-10.273,0.442,1,0,1,0,4,1
1,5,2,8,-0.705,-2.037,0.752,0,0,0,0,5,1
1,3,2,1,1.349,-2.593,-0.474,0,0,1,0,2,1
0,3,3,5,-0.760,4.010,0.797,1,0,0,0,5,1
0,2,0,3,-0.325,0.228,-0.801,0,0,1,0,3,1
1,5,1,1,1.159,-18.988,0.889,0,0,1,0,5,0
1,6,3,4,0.829,-17.001,0.655,0,0,0,0,4,0
1,3,3,5,-0.722,-17.415,-0.170,0,0,0,0,3,1
0,6,0,4,-0.941,-19.572,-0.815,0,0,0,0,2,1
0,4,2,4,0.158,-5.879,0.441,0,0,0,0,4,0
0,6,0,6,-0.971,-16.876,-0.129,1,0,0,0,1,0
1,1,2,8,1.739,-9.439,0.409,0,0,1,0,5,0
1,2,3,6,1.022,1.764,-0.177,0,1,0,0,1,0
0,2,2,0,-0.036,4.582,-0.255,1,0,1,0,2,1
0,0,1,5,0.921,-17.776,0.138,0,0,0,0,1,0
0,4,0,4,1.896,-18.972,0.273,1,0,0,0,3,1
0,3,0,1,1.572,-15.431,0.155,0,0,0,0,4,0
0,0,0,2,-0.890,-5.164,-0.486,0,0,0,0,2,1
0,1,3,2,1.863,-12.520,0.422,0,0,0,1,2,0
0,3,0,7,-0.689,-12.760,-0.135,0,0,0,1,3,0
0,1,3,0,-0.509,-13.411,0.062,0,0,1,0,3,0
0,5,3,0,1.319,3.464,0.743,0,0,0,1,3,0
1,4,1,3,1.274,-9.846,-0.835,1,0,0,0,5,1
0,5,2,3,0.750,-6.359,-0.117,0,0,0,0,3,0
0,4,1,3,-0.233,0.860,0.088,0,0,0,0,1,1
0,6,2,3,-0.577,-4.154,-0.693,1,0,1,0,5,1
0,2,0,5,1.452,-7.230,-0.356,1,0,0,0,1,1
0,0,2,0,-0.808,-16.256,0.484,0,0,0,0,2,0
0,4,1,3,-0.183,-2.195,-0.156,0,1,0,0,2,1
0,4,1,5,1.372,-7.397,0.194,0,0,0,0,2,1
0,2,0,3,-0.217,-10.834,-0.257,0,0,0,0,5,0
0,6,1,1,-0.019,-15.161,-0.079,0,0,0,0,1,1
1,3,1,8,1.756,-10.294,0.680,1,0,0,0,5,0
0,2,2,1,-0.077,0.006,-0.518,0,0,0,0,4,0
0,0,1,7,0.274,-2.501,0.671,0,0,1,0,5,1
1,2,2,4,1.600,-6.029,-0.557,0,0,0,0,5,0
1,1,3,5,1.518,-1.447,-0.986,0,0,0,0,5,1
0,0,1,2,1.467,-4.118,0.537,1,0,1,0,5,1
0,4,0,1,0.735,2.522,-0.382,0,0,0,0,4,1
0,0,1,4,-0.609,-8.858,0.272,0,0,0,0,2,1
1,3,3,8,-0.403,-7.210,0.353,1,0,0,0,2,1
0,4,3,5,1.152,3.110,0.092,1,0,0,0,2,0
0,3,0,7,1.957,-17.496,0.964,1,0,0,0,5,1
0,4,0,6,0.983,-13.197,0.655,1,0,0,0,2,1
1,5,3,5,-0.713,-12.907,0.331,1,1,1,0,4,1
1,2,3,6,0.029,-14.852,-0.280,0,1,0,0,3,1
1,3,3,3,1.204,-17.574,-0.508,0,0,1,0,5,1
0,0,0,1,1.787,0.456,-0.954,0,0,1,0,1,1
0,5,3,0,0.930,4.218,0.095,0,0,0,0,3,0
1,6,0,3,1.599,-4.073,0.026,1,1,0,0,4,1
0,0,1,4,-0.462,-5.302,-0.268,1,0,0,0,4,1
0,6,3,8,-0.854,-13.014,-0.200,0,0,0,0,5,0
0,1,2,1,0.246,3.881,-0.623,0,0,0,0,1,1
0,1,3,4,1.079,4.759,-0.964,0,0,0,1,3,0
0,5,0,4,0.549,-13.286,-0.298,0,0,0,0,2,0
0,1,1,5,1.496,-8.523,-0.536,0,0,0,0,2,0
0,0,3,1,0.728,3.909,0.272,0,1,0,0,4,0
0,1,0,8,-0.980,-17.623,-0.815,1,0,0,0,2,1
1,1,3,8,1.683,-13.644,0.581,1,0,0,0,5,1
0,2,3,2,0.613,-2.993,0.804,1,0,1,0,2,0
1,2,1,3,1.283,-4.108,-0.289,1,0,1,0,5,1
0,5,2,7,0.416,-14.530,-0.135,0,0,0,0,5,1
0,0,2,8,0.729,-9.707,-0.590,1,0,0,0,1,1
1,6,3,0,1.575,-18.014,-0.842,0,0,0,1,2,0
0,1,2,3,0.944,-10.127,-0.832,1,0,0,0,4,1
1,4,3,6,0.613,-18.728,0.246,1,0,0,0,4,0
0,0,2,0,-0.881,-9.730,0.399,0,1,0,0,5,0
0,5,2,4,-0.514,-8.354,-0.231,0,0,0,0,1,0
0,3,0,3,-0.786,0.745,-0.796,0,0,0,0,5,1
0,1,1,8,0.377,-19.503,-0.661,0,0,0,0,1,0
1,6,0,6,-0.725,-18.597,0.451,1,0,0,1,5,0
0,4,1,6,0.627,0.515,0.330,0,0,1,0,3,0
1,4,3,7,1.191,-6.962,-0.184,1,0,1,0,2,1
1,5,0,1,1.293,-18.416,0.457,1,0,1,0,2,1
0,1,0,0,0.518,-14.763,-0.251,0,0,0,0,3,1
1,6,2,3,0.661,-5.351,0.387,0,1,0,0,5,1
0,0,2,6,1.833,-15.419,0.838,1,0,0,0,5,1
0,0,3,1,1.609,-6.223,-0.783,0,0,0,0,3,0
0,6,0,6,-0.233,-12.034,0.711,1,0,1,0,4,0
1,6,2,5,1.769,-4.174,0.202,0,0,0,0,2,0
0,6,0,0,0.068,-10.660,-0.349,1,1,1,0,2,1
0,1,0,0,-0.507,-10.497,0.098,0,0,1,0,2,1
0,6,0,7,0.523,-5.332,0.401,1,0,0,0,4,0
0,5,0,1,1.478,4.668,-0.206,0,0,0,0,4,1
0,4,3,7,-0.109,-6.600,-0.026,0,0,0,0,3,1
0,0,0,7,-0.093,1.694,-0.666,1,0,0,0,4,0
0,1,0,3,0.888,-19.545,0.652,0,1,0,0,1,1
1,5,3,0,1.212,-3.414,0.491,0,1,0,0,1,1
0,2,0,0,0.024,4.581,-0.756,0,0,0,0,4,1
0,1,2,8,1.810,4.198,-0.372,0,0,0,0,1,0
0,4,3,2,-0.052,-1.164,0.753,0,0,0,0,5,0
1,5,1,5,0.430,1.530,-0.264,0,0,1,0,3,0
0,3,2,0,-0.740,-19.721,-0.534,0,0,0,0,2,1
0,3,0,6,-0.620,-3.600,0.685,0,0,0,1,4,0
0,1,1,4,-0.981,-4.488,0.966,0,0,0,0,3,1
0,4,0,2,1.173,1.866,0.558,0,0,0,0,5,0
0,6,1,8,-0.503,-6.602,0.267,1,0,0,0,2,0
0,5,0,2,-0.589,-2.489,-0.248,0,0,0,0,1,1
0,4,1,3,-0.679,-0.040,0.025,0,0,0,0,1,1
0,5,3,4,-0.030,-7.741,-0.422,0,0,0,0,2,0
0,4,1,7,0.090,3.822,0.592,0,0,1,0,4,0
0,0,0,3,0.095,-0.748,-0.663,1,0,0,0,1,1
0,5,1,7,0.698,-3.962,0.413,1,0,0,0,3,1
0,1,3,5,-0.249,-11.713,0.406,1,0,0,0,1,1
1,0,3,7,1.071,-4.714,-0.047,1,0,0,0,5,0
0,4,0,1,0.671,-7.062,0.009,0,0,0,0,1,1
1,6,0,7,1.542,-12.757,-0.114,1,0,0,1,5,1
0,2,0,6,0.531,0.136,0.921,0,0,1,0,2,1
0,6,3,6,-0.168,3.460,0.554,0,0,0,0,2,1
0,2,1,4,1.269,-7.332,-0.479,0,0,0,0,5,0
1,4,1,2,0.082,1.801,-0.008,1,0,0,0,4,1
1,4,0,5,1.014,-5.054,0.879,0,0,0,1,2,1
0,5,3,6,-0.263,-0.227,-0.559,0,0,0,0,5,0
0,0,0,7,1.970,2.921,-0.688,0,0,0,0,1,1
0,0,2,4,0.577,-13.341,-0.901,0,0,0,0,1,1
0,1,0,3,0.801,-5.633,0.962,1,1,0,0,1,0
0,3,1,1,1.475,-17.996,0.284,1,0,0,0,2,1
0,6,3,1,-0.039,-11.456,0.225,1,0,0,0,1,1
0,5,3,5,-0.707,-5.249,0.066,0,0,0,0,2,0
0,4,3,5,1.349,-13.547,0.854,0,0,0,0,5,0
0,6,0,7,1.843,-2.198,0.584,1,0,0,0,2,0
1,3,2,2,0.939,-3.117,-0.532,0,0,1,0,5,1
0,5,2,0,0.333,-18.080,-0.172,0,0,1,0,3,0
1,6,1,4,-0.444,-6.982,0.543,1,0,0,0,4,0
0,5,3,7,-0.092,-3.645,0.945,0,0,0,0,3,0
0,5,0,3,1.487,1.811,0.022,1,0,0,0,2,1
0,2,2,2,1.758,4.915,0.417,0,0,0,0,4,0
0,0,3,1,0.738,-9.320,-0.228,0,0,0,1,5,1
1,4,3,3,1.563,-4.947,0.034,0,0,0,0,2,0
1,6,1,0,0.703,-16.868,-0.468,0,1,0,0,2,1
0,3,0,4,0.173,-14.420,0.046,0,0,0,0,2,0
0,5,1,0,0.117,-3.296,0.005,0,0,0,0,1,1
1,2,3,5,-0.035,-15.045,0.121,0,0,1,0,5,1
1,0,3,5,0.745,-19.963,-0.033,0,0,0,0,3,1
0,3,2,3,0.148,-8.846,-0.307,0,0,0,0,5,0
0,2,2,0,-0.605,-9.373,-0.996,1,0,0,0,2,1
0,3,0,4,0.099,-0.415,0.089,1,0,0,0,2,1
0,6,2,2,1.915,-11.341,0.029,0,0,0,0,2,0
0,0,1,6,-0.454,-13.868,0.845,0,0,0,0,1,0
0,2,3,4,0.177,-1.901,0.556,0,0,0,0,3,0
0,2,2,4,0.364,-14.335,-0.127,0,0,0,0,3,0
1,6,1,5,1.216,-10.845,0.827,0,0,0,0,1,1
1,5,1,5,-0.026,-6.653,-0.464,0,0,1,0,3,0
0,5,0,7,-0.698,-5.020,-0.346,0,0,0,0,4,0
0,2,2,6,-0.775,-11.941,0.504,0,0,1,0,2,0
0,5,1,5,-0.074,-3.515,-0.898,0,0,0,0,4,1
0,1,2,6,1.794,-18.245,-0.555,0,0,0,0,5,1
0,1,1,0,1.538,-16.855,0.561,0,0,0,0,4,1
0,3,2,4,1.278,-11.417,-0.021,0,0,0,0,3,0
0,0,1,6,1.161,-0.541,-0.999,0,0,1,0,2,0
0,1,2,0,-0.531,-16.301,0.446,0,0,0,0,2,1
0,5,0,7,0.276,4.783,-0.066,0,0,0,0,2,0
1,6,3,2,0.285,2.870,0.931,0,0,0,0,2,1
0,0,2,2,0.389,-7.036,0.756,0,0,1,0,5,0
0,4,1,3,0.556,-17.899,-0.154,0,0,0,0,5,1
0,4,0,1,0.363,-5.931,-0.713,0,0,0,1,3,0
1,5,2,8,0.850,-18.332,-0.605,0,0,0,0,5,0
0,1,1,0,1.500,-0.832,-0.738,0,0,0,0,5,1
0,4,3,4,0.338,-2.695,0.743,0,1,0,0,4,0
0,4,0,7,1.111,-5.724,-0.750,0,0,0,0,2,0
0,6,2,1,0.468,-6.260,-0.203,1,0,0,0,1,1
1,4,2,7,1.267,-14.527,-0.945,0,1,0,1,4,0
0,0,2,2,1.335,-9.082,-0.263,0,0,0,0,4,0
0,5,0,2,0.633,4.005,-0.977,0,0,0,0,4,0
0,3,2,7,-0.722,-7.411,0.604,1,1,1,0,1,0
1,5,3,5,0.195,-19.348,-0.903,1,0,0,0,1,1
0,6,2,4,0.752,-10.402,0.740,0,1,0,0,3,1
0,5,2,3,-0.550,-3.890,-0.371,1,0,1,0,1,1
0,4,2,1,0.428,-13.625,-0.207,0,0,0,0,3,0
0,6,1,4,1.287,-1.299,0.132,0,0,0,0,5,1
0,3,0,7,1.918,-10.261,0.329,0,0,0,0,4,0
0,0,0,0,-0.410,-15.281,0.658,0,0,0,0,1,1
0,1,2,0,0.564,-8.301,0.408,0,0,0,0,4,0
0,2,3,8,1.413,-0.220,0.731,0,0,0,0,1,1
0,1,1,7,-0.465,-5.815,-0.878,0,0,0,0,5,0
0,0,3,1,0.004,-3.021,-0.161,0,0,0,1,4,1
0,0,2,5,1.602,-4.098,-0.872,0,1,0,0,2,0
0,0,1,2,0.255,-12.515,0.091,1,0,0,1,1,0
0,0,1,6,1.926,-18.564,0.130,0,0,1,0,5,0
0,1,2,2,1.213,2.756,-0.418,0,0,0,0,1,1
0,1,3,5,0.053,-5.472,-0.938,0,1,0,0,2,1
0,3,0,5,-0.553,-1.644,0.078,0,1,0,0,2,1
0,5,0,5,0.483,0.142,0.504,0,0,0,0,2,1
0,0,2,5,1.594,-3.363,0.860,0,0,0,0,5,0
0,2,1,6,1.517,-8.059,0.114,1,0,0,0,4,0
0,3,0,6,0.984,-0.943,0.752,0,1,0,0,3,1
0,5,2,6,-0.643,-0.360,0.669,0,0,0,0,3,1
0,2,3,0,0.016,-10.295,-0.321,0,0,0,0,2,0
0,0,0,5,-0.488,0.647,-0.514,0,0,0,0,3,1
0,5,2,1,0.950,0.437,0.698,1,0,0,0,5,0
0,5,3,6,1.054,-9.641,-0.499,0,0,0,0,3,1
0,3,1,4,0.281,-2.043,0.340,0,0,0,0,3,0
1,5,1,6,-0.719,-17.185,-0.417,0,0,1,0,5,1
0,6,2,3,1.708,4.687,-0.260,0,0,0,1,1,0
0,4,2,7,1.084,-3.997,0.479,0,0,0,0,1,0
0,4,1,0,1.201,-10.566,0.415,0,0,0,0,3,0
0,1,2,2,1.144,4.574,0.968,0,0,0,0,1,1
0,4,3,5,-0.962,3.278,0.290,0,0,0,0,5,0
0,1,0,5,1.210,-12.364,0.966,1,0,0,0,5,1
0,1,0,1,0.325,4.231,-0.218,0,0,0,0,2,1
0,4,1,3,0.125,-14.451,0.978,0,0,0,0,1,1
0,3,1,1,1.695,-0.430,0.370,0,0,0,0,4,0
0,4,0,6,0.434,-10.938,0.926,0,0,0,0,5,1
0,2,0,6,0.533,-2.133,0.498,0,0,0,0,1,0
0,4,1,1,-0.067,-7.815,-0.950,1,0,1,0,5,0
1,3,2,2,-0.268,1.155,0.438,0,0,1,1,2,0
1,5,3,8,1.283,-15.561,-0.276,1,0,0,0,3,0
0,6,3,3,-0.248,-10.578,0.428,0,0,0,0,2,1
0,5,1,3,1.423,4.936,-0.638,0,0,0,0,3,0
0,1,0,6,-0.812,3.860,-0.468,0,1,0,1,4,0
1,6,2,5,0.711,-11.272,0.574,0,1,0,0,1,0
1,5,2,6,0.923,-9.653,0.128,0,0,0,0,3,0
0,2,0,7,0.637,-4.497,-0.853,1,0,0,1,4,1
1,5,2,0,1.931,-3.219,-0.150,0,0,0,0,1,1
0,0,0,1,-0.224,2.130,-0.681,0,0,1,0,2,0
1,5,2,8,1.587,-1.396,0.127,0,0,0,0,2,0
0,4,2,3,1.664,2.861,-0.074,0,0,0,0,4,0
0,1,0,7,1.778,3.236,-0.507,1,0,0,0,3,1
0,1,3,8,1.636,-0.654,-0.720,0,0,1,0,1,0
0,1,0,0,1.234,3.546,-0.787,1,1,0,1,1,1
0,6,1,8,0.079,-11.090,0.382,0,0,0,0,2,0
0,1,0,1,0.448,-17.823,-0.203,0,0,0,0,2,0
0,1,1,5,1.659,-5.252,0.128,0,0,1,1,3,1
0,4,0,5,-0.370,-8.554,-0.441,0,1,0,0,4,0
0,1,1,0,1.766,-5.863,-0.392,1,0,0,0,4,0
0,5,1,2,-0.303,2.616,0.608,1,0,0,0,5,1
0,1,3,0,-0.180,-15.416,0.086,0,0,0,0,1,0
0,2,0,5,0.409,2.797,-0.644,0,0,1,0,3,1
0,0,3,5,0.020,-6.090,-0.656,1,0,0,0,1,1
0,4,2,8,-0.992,-3.705,0.212,1,1,0,0,1,0
1,1,3,5,1.570,-6.438,-0.408,1,0,0,0,5,0
0,5,2,4,-0.413,-14.812,-0.739,1,0,0,1,3,0
0,4,0,1,1.377,-13.574,-0.346,0,0,0,0,4,1
0,6,2,6,0.791,0.634,-0.624,0,0,0,0,4,1
1,3,0,5,0.144,-8.634,-0.798,1,1,0,1,4,1
0,6,2,8,1.162,-3.829,0.490,0,0,1,0,3,0
0,3,2,6,0.847,-19.471,-0.360,0,0,0,0,5,1
1,1,0,3,1.776,-14.896,0.083,0,0,0,0,4,1
0,4,0,3,-0.772,-0.450,0.667,1,0,0,0,1,0
0,0,0,0,-0.542,0.713,0.381,1,0,0,0,4,1
0,2,3,8,0.142,-18.930,-0.676,0,0,0,1,5,0
0,0,3,5,1.614,-7.280,0.707,0,0,0,0,4,1
0,0,3,6,0.942,1.230,0.316,1,0,0,0,4,0
1,4,2,4,1.296,-19.179,0.483,0,0,0,0,5,1
1,3,2,6,-0.126,-0.020,-0.468,0,0,0,1,4,0
1,5,2,7,0.382,-18.146,0.587,0,0,0,0,4,1
0,1,3,7,0.924,-1.627,0.216,1,0,0,0,5,1
0,2,3,7,1.286,1.175,0.995,0,0,0,1,5,1
0,6,2,2,-0.532,-10.813,0.071,0,0,0,1,1,1
1,3,0,3,-0.091,-11.604,0.026,0,0,0,1,2,1
0,4,0,5,-0.913,-13.259,-0.822,1,0,1,1,1,0
0,3,2,1,1.288,-10.489,-0.496,0,0,0,0,3,0
0,5,1,8,-0.129,-18.475,0.149,0,0,0,0,4,0
0,2,0,2,-0.549,-18.476,-0.478,0,1,0,0,4,1
0,3,1,6,-0.461,-3.488,-0.899,0,0,0,0,4,0
1,6,3,2,1.603,-6.007,-0.148,0,0,0,0,3,1
1,4,3,1,0.835,-13.605,0.147,1,0,0,0,5,1
0,0,2,2,-0.844,-13.099,0.456,0,0,0,0,1,0
1,0,2,8,0.916,-19.958,0.580,0,0,0,0,1,0
0,0,0,7,1.177,-18.245,-0.934,1,0,0,0,5,0
1,4,3,8,1.061,-0.026,-0.244,0,0,0,0,3,0
0,1,3,4,-0.005,3.381,0.546,1,0,0,0,3,1
1,3,2,7,1.370,-12.786,0.167,0,0,0,0,2,1
0,0,0,2,-0.757,-1.157,0.605,1,1,0,0,3,1
0,6,3,7,1.082,2.022,-0.170,0,0,0,0,5,0
0,0,1,6,1.988,-6.766,-0.874,0,0,0,0,4,0
0,1,2,5,-0.746,2.676,0.276,0,0,0,0,5,1
0,0,1,8,1.494,-5.123,0.084,0,0,0,0,1,1
0,3,2,7,-0.855,-5.044,0.838,0,0,0,1,1,0
1,1,0,8,1.864,-3.256,0.240,0,0,0,0,4,0
0,3,1,2,-0.360,-7.083,0.451,1,0,0,0,1,1
0,1,3,4,1.027,-17.794,-0.350,0,0,1,0,4,1
0,4,1,0,-0.809,-10.395,-0.867,1,0,0,0,4,1
0,0,2,2,0.334,1.572,-0.245,1,0,0,0,1,1
0,4,3,2,1.155,0.657,-0.221,0,0,0,0,5,1
0,0,0,7,-0.666,1.583,0.862,1,0,1,1,1,0
1,5,0,5,1.865,-19.690,-0.778,1,1,1,0,4,0
1,6,0,0,1.426,-19.424,-0.978,1,0,0,0,3,1
0,2,3,4,1.577,-19.347,0.181,0,0,0,0,2,0
0,0,3,7,0.712,-1.921,0.062,0,0,0,0,2,0
0,3,1,2,-0.368,3.112,0.065,0,0,0,0,5,0
1,6,2,7,0.156,-4.535,0.301,0,0,0,0,3,0
1,3,0,6,0.008,0.250,0.503,0,0,0,0,5,1
0,0,0,0,1.363,-5.192,0.936,0,0,0,0,5,0
0,4,1,1,0.367,-6.325,-0.372,0,0,0,1,3,1
0,3,2,8,-0.803,-7.502,-0.159,0,0,0,0,4,0
0,2,0,0,0.339,-8.552,0.429,0,1,0,0,1,1
0,0,3,0,0.006,-14.297,-0.239,1,1,0,0,1,1
1,0,0,4,-0.360,-2.722,0.963,1,0,0,0,4,0
0,1,3,5,0.316,-12.606,0.341,1,0,0,0,1,0
0,1,1,2,-0.032,-4.110,-0.048,0,0,0,0,2,1
0,1,2,5,-0.106,-16.953,-0.739,1,0,0,0,3,0
0,3,0,3,0.778,-19.011,0.933,0,0,0,0,1,0
0,2,3,1,0.489,-17.254,0.980,0,0,0,0,4,0
1,5,2,8,1.613,-1.394,0.637,0,0,0,0,3,1
0,1,0,7,1.624,-5.507,-0.071,0,1,0,0,2,0
0,5,0,4,-0.930,-14.294,-0.999,0,0,1,0,1,1
0,3,0,2,1.314,-3.079,-0.591,1,0,0,0,3,0
0,1,0,2,-0.560,-11.189,0.282,0,0,0,0,3,0
0,4,2,4,0.274,1.534,0.545,0,0,1,0,1,0
0,3,2,2,1.671,-19.349,-0.777,0,0,0,0,1,1
0,1,1,8,-0.940,-6.571,0.021,1,0,0,0,4,0
0,5,2,0,0.148,2.890,-0.298,1,0,0,0,5,1
0,2,3,8,0.857,-15.258,-0.928,1,0,0,0,3,1
1,2,3,6,1.314,0.763,-0.652,0,0,0,0,4,0
0,5,0,3,1.304,-2.683,0.243,0,0,0,0,4,1
0,3,1,8,0.459,4.838,-0.632,1,0,0,0,3,0
1,5,1,1,0.795,-9.530,0.304,0,0,0,0,3,1
1,2,0,6,1.966,-8.835,0.030,0,0,1,0,1,0
0,5,2,6,-0.245,-2.092,0.567,1,0,0,0,1,0
0,3,3,2,0.587,-1.624,-0.802,0,0,0,0,5,0
0,1,0,5,0.683,-1.176,0.877,1,0,0,0,3,0
1,5,3,8,0.207,-8.027,0.539,0,0,0,1,2,0
1,1,3,2,0.588,-0.079,-0.236,0,1,0,1,5,0
0,4,3,4,0.858,-10.991,0.182,0,0,0,0,4,1
0,3,3,8,-0.231,-4.246,0.532,0,0,0,0,5,1
0,2,1,2,-0.250,-7.789,-0.791,0,0,0,1,4,1
0,2,3,3,1.262,-7.164,0.742,0,0,0,0,1,0
0,4,1,6,0.107,0.586,-0.251,0,0,0,0,1,0
1,1,3,7,1.144,-1.540,-0.158,1,0,0,0,1,1
0,2,3,0,1.628,-5.334,-0.761,0,0,1,0,4,1
0,3,3,5,-0.785,-1.952,0.199,0,0,0,0,1,0
1,5,1,3,1.619,-15.215,-0.514,0,0,1,0,3,0
0,2,0,4,1.512,2.578,0.844,0,0,0,0,3,1
0,0,0,4,-0.383,-17.232,-0.416,0,0,0,0,2,1
0,0,2,5,-0.926,-8.873,0.955,1,0,0,0,5,1
0,2,1,3,1.810,-4.636,-0.209,1,0,0,0,2,0
0,5,1,7,0.071,-12.314,0.719,1,0,0,0,2,1
0,2,2,3,0.114,-6.691,-0.877,0,0,0,0,5,1
1,3,1,4,0.165,-13.374,0.045,1,1,0,0,4,1
0,6,2,1,1.062,-19.997,0.854,1,0,0,0,2,1
0,2,1,3,-0.571,2.452,0.133,0,0,0,0,2,0
0,2,1,6,-0.624,2.985,-0.312,0,0,0,0,2,0
0,6,3,5,1.779,4.130,-0.378,0,0,1,0,1,1
0,4,3,1,-0.983,-4.941,0.398,1,0,0,0,5,1
0,1,3,0,0.541,-0.520,-0.694,1,0,0,0,1,0
0,1,0,2,-0.897,-1.767,0.358,0,0,0,0,1,1
0,1,0,1,1.534,-8.375,0.912,1,0,0,0,4,1
0,1,3,7,-0.019,-10.632,0.222,0,0,0,0,2,1
0,1,0,0,0.497,-7.927,-0.939,1,0,0,1,4,1
0,5,3,6,-0.083,-1.024,-0.547,0,1,0,0,3,1
0,2,2,3,-0.854,4.583,0.840,1,0,0,0,5,1
0,1,0,3,0.674,-19.117,-0.627,0,0,0,0,3,0
0,2,1,7,0.243,-10.623,-0.128,0,0,0,0,5,1
0,4,3,8,1.159,3.422,-0.112,0,0,0,0,5,1
0,1,1,8,0.590,2.906,-0.122,0,0,0,0,2,1
0,3,0,2,0.893,0.960,-0.454,1,0,0,0,2,1
0,2,0,1,1.915,-4.848,0.097,0,0,0,0,2,0
0,6,0,3,0.755,-2.299,-0.306,0,0,0,0,2,1
1,4,3,2,1.870,-10.747,-0.850,1,0,0,0,3,1
0,0,1,7,-0.288,-8.588,-0.916,0,0,0,0,1,0
0,2,1,6,0.212,-7.875,0.047,1,1,0,0,1,0
0,0,3,7,0.892,4.604,-0.401,1,0,0,0,3,0
0,1,0,8,1.598,4.390,0.934,0,0,1,0,3,0
0,3,0,1,-0.056,-18.746,-0.520,0,0,1,0,2,1
0,3,2,7,1.013,-2.231,-0.028,0,0,0,0,2,1
0,4,0,0,-0.664,-15.634,0.658,0,0,0,0,5,0
0,5,0,8,-0.441,-17.732,-0.491,0,0,0,0,5,0
0,2,1,1,0.018,-9.385,-0.523,1,1,0,0,1,1
1,2,2,2,1.403,-17.270,-0.026,0,0,0,0,5,1
0,1,1,8,1.296,-10.460,-0.749,0,0,0,0,3,1
1,5,1,8,-0.950,-4.204,0.898,1,0,0,0,4,1
0,0,3,3,1.972,-8.196,-0.309,0,0,0,0,3,0
0,1,0,6,0.982,1.479,0.937,0,0,0,0,3,1
1,5,3,8,1.629,-3.127,0.497,0,0,0,0,5,0
0,4,0,2,-0.939,0.704,-0.783,1,0,0,0,1,1
0,3,0,6,-0.384,-5.115,-0.836,1,0,0,0,4,0
1,2,1,5,0.949,-15.720,0.125,1,0,0,0,3,0
0,3,1,2,0.800,4.164,0.962,0,0,0,0,3,0
0,0,3,8,0.799,0.555,0.490,0,1,0,0,4,1
0,1,3,5,1.677,-3.958,-0.137,0,0,0,0,1,0
1,3,2,8,1.768,-4.067,0.690,0,0,0,0,5,0
0,3,1,8,-0.382,0.858,0.056,0,0,0,0,5,0
1,5,2,8,1.550,-6.842,-0.014,0,1,1,0,3,0
0,6,2,7,0.825,0.846,-0.007,0,0,0,0,2,0
0,5,1,8,-0.875,-1.264,-0.050,1,0,0,0,1,1
0,0,3,0,0.798,4.884,-0.258,0,1,0,0,3,1
0,4,2,0,-0.092,2.911,-0.090,1,0,0,0,2,0
0,1,2,3,0.451,-1.221,-0.742,0,0,0,1,1,0
0,2,2,6,-0.744,-9.501,0.759,1,0,1,0,5,1
0,1,3,0,1.042,-3.143,0.915,0,0,0,1,3,0
1,3,1,5,0.615,1.049,-0.593,0,0,0,0,3,1
1,3,3,6,-0.618,-6.381,-0.858,0,0,1,0,2,0
0,1,2,2,0.130,-16.327,-0.158,0,0,1,0,5,0
1,5,3,6,1.939,-5.360,0.234,1,0,0,1,3,0
1,3,0,8,0.900,-14.153,0.264,0,0,0,0,3,1
0,6,2,7,0.303,-7.964,-0.717,0,1,0,0,4,0
0,0,3,1,1.707,-14.644,0.590,0,0,0,0,3,1
0,0,0,0,-0.996,-15.408,-0.155,0,0,0,0,4,0
1,2,1,5,1.424,-6.717,0.299,0,1,1,0,4,1
0,2,3,2,0.710,2.944,0.938,0,0,0,1,1,1
0,1,0,4,1.249,-17.975,-0.522,0,0,0,0,2,0
0,5,1,5,1.121,-3.362,-0.967,0,0,0,0,5,0
0,6,0,0,0.146,-17.423,-0.257,0,0,0,0,4,0
1,5,3,7,1.496,-10.366,0.247,0,0,0,0,3,1
0,4,2,0,-0.721,-7.451,0.586,1,0,0,0,3,1
0,5,0,1,-0.899,-16.098,-0.942,1,0,0,1,5,1
0,2,0,0,1.396,-13.095,-0.032,0,0,0,0,1,1
0,1,2,6,1.426,-2.897,-0.954,0,0,0,0,2,0
0,2,2,3,1.116,-6.150,0.711,0,0,0,0,1,1
0,4,2,3,0.299,-11.285,0.722,1,0,0,0,2,0
1,2,3,6,0.538,4.440,0.592,0,0,0,0,5,1
0,0,0,8,-0.566,-7.217,-0.067,0,0,0,0,2,1
0,0,3,2,1.138,-15.884,0.042,0,0,0,0,5,0
0,1,0,5,1.147,-8.861,0.272,0,0,0,0,1,0
0,0,0,8,0.208,-1.237,-0.196,0,0,0,0,2,0
0,3,2,0,-0.100,-12.532,0.397,1,0,0,0,5,1
1,5,0,2,1.443,-19.507,0.018,0,0,0,1,2,1
0,2,2,4,0.045,-2.595,0.728,0,0,0,0,4,0
0,2,2,6,0.245,-7.841,-0.076,1,0,0,0,2,0
0,1,2,4,-0.666,-0.072,0.572,0,0,0,0,5,0
1,3,2,7,-0.348,-18.282,0.453,1,0,1,0,4,1
0,3,0,3,1.885,-4.100,-0.710,0,0,0,0,2,0
0,3,0,6,1.967,-10.978,-0.357,1,0,0,0,4,1
1,2,1,2,-0.620,-2.520,0.514,0,0,0,0,1,1
0,0,2,6,0.784,-2.250,0.407,0,0,0,0,2,0
0,1,3,5,1.477,-17.334,-0.718,0,0,0,0,5,0
0,0,0,4,-0.008,0.686,-0.939,1,0,0,0,2,1
0,4,3,7,1.602,-1.477,0.093,1,0,1,0,2,0
0,0,1,0,1.115,-6.216,0.049,1,0,0,0,1,1
0,0,1,2,1.733,-18.436,-0.972,0,0,0,0,3,1
0,6,1,4,0.954,4.809,0.985,0,0,1,0,5,1
0,1,1,6,-0.378,-15.093,0.399,0,0,0,0,1,1
1,5,3,6,1.898,-18.879,-0.507,1,0,0,0,1,0
1,0,1,8,1.902,-1.235,0.228,1,1,0,1,1,1
0,3,3,0,-0.018,-7.012,0.831,0,0,0,0,3,0
0,4,1,6,0.098,-8.190,-0.862,0,0,0,0,4,1
0,6,3,6,0.669,-15.228,0.025,0,0,0,0,5,0
0,0,0,7,0.164,-11.449,0.382,1,0,1,0,3,1
0,2,2,0,0.432,2.066,-0.469,1,0,1,0,2,0
0,2,1,3,1.133,-9.877,-0.150,0,0,0,0,1,1
0,5,0,6,0.732,-9.713,0.662,1,0,0,0,4,1
1,4,2,7,1.711,-15.074,0.179,1,0,1,0,2,0
0,0,3,8,-0.190,0.738,-0.427,0,0,0,0,1,0
0,3,1,1,0.533,3.632,-0.795,0,0,0,1,3,1
0,2,0,8,0.124,-0.948,-0.385,0,0,0,1,4,1
0,3,1,0,1.928,4.393,-0.355,0,0,0,0,5,0
0,1,3,8,-0.850,-8.281,-0.264,1,0,0,0,1,1
0,5,0,1,-0.423,-12.157,0.200,0,1,0,0,3,1
0,2,1,7,1.542,-17.751,-0.758,0,0,0,0,4,0
1,6,2,6,-0.029,-19.812,0.268,1,0,0,0,3,0
0,0,3,0,0.736,-15.253,0.194,0,0,0,1,3,0
0,4,2,0,0.493,-19.110,0.194,0,0,0,0,3,1
0,6,1,1,-0.693,-17.312,0.659,1,0,0,0,1,0
0,4,2,4,-0.730,-15.324,0.580,0,0,0,0,4,1
0,6,2,6,0.172,-8.962,-0.812,0,0,0,0,4,1
0,6,0,8,0.272,-15.372,0.462,0,0,0,0,4,1
1,2,3,5,0.989,-12.856,0.292,0,1,1,0,3,1
0,0,0,4,1.889,-2.464,0.040,1,0,0,0,1,1
1,5,2,7,0.212,-12.710,0.694,0,0,0,0,4,0
1,6,0,0,1.530,-16.039,-0.110,0,0,0,0,3,1
0,3,2,3,-0.883,-1.982,0.422,0,0,0,0,2,1
0,2,1,2,-0.749,-7.970,-0.597,0,0,0,0,3,0
0,6,0,4,-0.868,-7.903,-0.826,0,0,0,0,4,0
1,2,3,4,1.316,-8.425,-0.333,0,0,0,0,2,0
0,1,1,6,-0.358,-11.125,-0.385,0,0,1,1,3,0
0,5,1,7,-0.360,-2.336,-0.996,1,0,0,0,1,0
0,5,1,7,0.650,-14.676,-0.949,0,0,1,0,2,0
0,2,1,0,0.434,-1.209,-0.820,0,1,0,1,5,1
0,5,2,8,-0.656,-8.185,-0.040,0,0,0,0,5,0
0,0,3,6,1.792,-14.266,-0.966,0,0,0,0,5,1
0,5,0,7,-0.924,2.774,-0.475,0,1,0,0,5,0
1,6,3,3,0.955,-15.144,0.745,0,0,0,0,3,0
0,0,3,2,0.905,-16.503,0.014,1,0,0,0,1,0
1,5,0,7,0.286,-14.311,-0.040,1,0,0,0,5,0
0,3,3,4,1.976,-3.539,0.866,0,0,0,0,3,0
0,0,1,5,-0.346,4.727,-0.215,0,0,0,0,1,1
1,3,1,8,1.861,-5.957,-0.827,0,1,0,0,1,0
1,6,0,8,1.516,4.739,0.226,0,0,0,0,1,0
0,5,0,1,0.088,-0.861,-0.325,0,0,0,0,5,0
0,5,2,5,-0.246,0.684,0.981,0,0,0,0,3,1
0,1,2,3,-0.689,-7.374,0.895,1,0,0,1,3,1
0,1,3,0,0.957,2.500,0.589,1,0,0,0,5,0
0,0,0,5,1.868,-9.160,-0.449,0,0,0,0,4,0
0,5,0,2,1.306,4.193,-0.699,1,0,0,0,2,1
0,4,1,8,0.056,-11.942,-0.314,1,0,1,0,1,1
0,1,0,7,0.445,-5.648,0.181,1,0,0,0,5,0
1,2,3,4,1.792,-0.134,-0.492,0,1,0,0,3,1
0,0,1,1,-0.118,-6.717,-0.534,0,0,0,0,4,0
1,4,2,2,0.891,-4.156,0.025,1,0,0,0,3,0
1,3,3,5,-0.551,1.541,-0.258,1,0,0,0,3,1
0,3,0,6,0.292,0.051,0.653,0,0,0,0,1,0
0,1,1,0,0.107,-6.087,-0.808,0,0,0,0,5,0
0,5,0,7,1.860,-12.786,0.864,1,0,0,0,1,1
0,0,3,0,-0.308,-8.373,-0.794,0,0,0,0,4,0
0,5,1,4,0.291,-10.388,-0.806,0,0,0,0,1,1
0,4,0,6,0.885,-3.346,-0.860,0,0,0,0,2,0
0,4,3,5,1.858,-0.557,-0.093,0,1,0,0,4,0
0,3,2,1,-0.932,-19.274,-0.889,1,0,0,1,1,1
0,5,2,7,0.013,-3.455,0.789,1,0,0,0,1,1
0,2,1,1,-0.503,-5.052,0.015,0,0,0,0,2,0
0,5,1,3,1.971,-0.576,0.227,0,0,0,0,1,0
0,0,2,2,0.174,-17.547,-0.514,0,0,0,0,4,1
0,2,0,0,1.023,-18.057,-0.744,0,0,0,0,4,0
0,0,0,0,-0.506,-11.140,-0.874,0,0,0,0,2,0
0,0,2,1,-0.367,-7.190,-0.071,1,0,1,0,2,1
0,0,0,4,-0.713,-0.742,-0.832,0,0,0,0,2,0
0,6,1,3,-0.680,-11.370,0.680,0,0,0,0,4,1
0,1,1,8,1.527,-5.777,-0.926,0,0,0,0,4,0
0,5,1,8,0.692,-1.934,0.740,0,1,0,0,2,0
1,2,3,4,0.702,-9.403,0.427,0,0,0,0,4,0
0,4,1,3,1.636,3.292,-0.333,1,0,0,0,5,0
0,0,3,2,0.166,-0.277,-0.030,1,0,1,0,1,1
0,0,3,6,-0.110,-6.123,-0.324,0,0,0,0,1,1
0,3,1,8,-0.694,1.406,-0.981,0,0,0,0,4,1
0,5,0,6,-0.668,-11.893,0.803,0,0,0,0,1,1
1,5,2,0,1.619,-13.718,0.201,0,0,1,0,5,0
0,6,1,7,-0.964,-15.321,0.657,0,0,0,0,1,0
1,4,3,6,0.464,-14.667,-0.456,0,0,1,0,4,0
0,4,3,2,1.149,-0.441,0.002,0,0,1,0,5,0
0,0,3,1,0.294,2.792,0.636,0,0,0,0,4,1
0,3,3,4,1.327,4.133,0.783,0,0,0,0,5,0
0,6,1,4,0.719,-10.676,0.235,0,0,1,0,4,1
0,2,2,3,-0.489,-0.731,-0.162,1,0,0,0,4,0
0,1,1,2,1.632,-17.858,-0.943,1,1,0,0,4,1
0,5,3,1,0.068,0.347,0.942,0,0,0,0,5,0
0,1,0,8,0.683,2.914,0.449,1,0,0,0,3,1
0,0,0,5,1.088,-19.833,-0.007,1,0,0,1,3,1
0,0,3,3,0.846,-10.724,-0.620,0,0,0,0,1,0
0,0,1,8,1.888,-2.629,-0.686,0,0,0,0,2,0
0,4,2,2,1.312,3.339,0.301,0,0,0,0,5,0
0,1,3,6,-0.313,-12.021,-0.836,1,0,0,0,3,0
0,0,3,0,-0.162,0.395,-0.126,0,0,0,0,5,0
1,4,2,8,1.038,-14.800,-0.784,1,0,0,0,2,1
0,5,1,0,-0.316,-18.966,0.692,0,0,0,0,4,0
0,4,3,0,-0.160,-9.019,0.768,1,0,0,0,1,1
0,4,1,2,-0.558,0.284,-0.176,0,0,0,0,1,0
0,0,1,4,1.633,4.254,0.522,0,0,0,0,5,1
0,3,3,5,1.604,-17.540,0.907,0,0,1,0,2,0
0,1,1,8,1.383,2.323,0.716,0,0,0,0,3,0
0,5,1,7,-0.292,-16.946,-0.544,0,0,0,0,2,0
0,1,0,7,0.587,-1.015,-0.876,0,0,0,0,1,1
0,0,1,1,1.959,-0.630,-0.978,1,0,0,0,2,1
1,2,1,5,1.234,-14.144,0.379,0,0,0,0,2,1
0,5,0,0,-0.091,3.245,-0.159,0,1,0,0,3,0
0,3,1,2,1.792,-14.758,-0.831,0,0,0,0,5,1
0,5,3,1,1.224,-6.501,0.324,0,1,0,0,1,0
1,0,2,6,0.094,0.329,-0.842,0,0,1,0,2,0
0,4,0,8,-0.396,-13.894,0.309,0,0,0,0,3,1
0,1,1,6,-0.178,-13.935,-0.227,0,0,0,0,3,1
0,4,0,3,-0.803,-4.395,0.067,0,0,0,0,5,1
0,3,1,4,1.625,-18.338,-0.884,0,1,0,0,4,1
0,5,3,5,1.774,1.573,0.998,0,0,1,0,5,0
0,1,2,8,0.004,-16.153,-0.318,1,0,0,0,3,0
0,1,0,6,1.188,-2.157,0.505,0,0,0,0,3,1
0,5,1,7,-0.249,2.025,0.037,0,0,0,0,4,0
1,6,3,5,1.424,1.814,-0.280,0,0,0,1,5,1
0,2,0,1,1.025,3.552,-0.217,0,0,0,0,4,0
1,2,2,8,-0.965,-1.212,0.736,0,0,1,1,4,0
1,6,3,3,0.306,-17.100,-0.384,0,0,0,0,4,0
0,5,3,0,0.328,-6.702,-0.485,0,0,0,0,1,0
1,4,0,6,1.891,-2.491,0.364,0,0,1,0,3,1
1,3,3,6,0.991,4.720,-0.625,0,0,0,0,3,1
0,6,1,4,-0.650,3.848,0.359,1,0,1,0,4,0
0,0,2,8,0.320,3.716,0.187,1,1,0,0,4,1
1,6,3,2,1.982,-11.381,-0.720,1,0,0,0,5,1
0,5,2,8,0.710,-0.650,-0.914,0,0,0,0,4,0
0,5,1,5,1.583,-19.425,0.418,0,0,0,0,2,1
0,0,0,8,-0.475,0.101,-0.989,0,0,0,0,2,0
1,4,3,8,1.356,-8.792,0.167,1,0,0,0,2,0
1,5,3,8,-0.684,-2.807,-0.319,0,0,0,0,1,1
0,4,3,1,1.902,-12.261,0.472,0,0,0,0,5,0
0,4,0,4,-0.294,-10.226,0.683,0,0,0,1,1,0
0,4,3,4,-0.970,-8.804,0.323,0,0,0,1,1,1
0,6,2,2,-0.512,-15.190,0.303,1,0,0,0,5,1
0,3,0,7,1.143,-11.161,-0.015,0,0,1,0,1,1
1,5,3,5,0.403,-13.392,-0.897,0,0,0,0,5,0
0,5,3,1,0.009,-13.121,0.737,0,0,0,0,4,1
0,4,0,5,1.436,-0.294,0.631,0,0,0,0,5,1
0,0,1,4,0.433,-10.608,-0.769,1,0,0,0,2,0
0,1,0,4,1.991,-16.473,0.974,0,0,0,0,1,1
0,1,2,6,1.611,-16.762,0.792,0,0,0,0,3,1
0,6,1,2,0.833,-11.659,0.802,0,0,0,0,5,0
0,2,1,4,-0.591,-7.641,-0.658,1,0,0,0,3,1
1,0,0,7,0.454,-17.341,-0.988,1,0,0,0,2,1
0,3,2,8,-0.211,4.907,-0.422,0,0,1,0,2,1
0,0,0,2,1.334,-0.892,0.913,1,0,0,0,4,0
0,3,2,3,-0.943,-1.644,0.291,1,0,0,0,2,0
0,0,2,0,1.586,-2.509,-0.072,1,0,0,0,3,1
0,6,1,0,1.018,-12.428,-0.403,1,0,1,0,2,1
0,0,2,1,1.731,-9.668,0.905,0,0,0,1,1,0
0,4,2,3,1.047,-4.701,-0.014,1,0,0,0,3,0
1,6,0,5,1.594,-18.677,0.429,0,0,0,1,3,1
0,4,1,3,0.688,-3.591,0.022,0,0,0,0,1,0
0,3,3,1,1.990,4.021,0.182,0,0,0,0,2,1
1,0,3,7,0.521,-3.756,0.247,0,0,0,0,3,1
0,6,1,8,0.946,-1.896,0.190,1,0,0,0,2,1
1,6,2,2,1.224,3.972,0.854,1,0,0,0,5,0
0,1,1,3,-0.724,-18.799,0.886,0,0,1,0,1,0
0,1,2,0,0.960,-19.721,-0.143,0,0,0,0,2,0
0,0,0,8,-0.962,-5.364,0.387,0,0,0,0,1,0
1,6,0,6,0.244,-13.920,-0.067,0,0,0,1,2,1
0,1,2,6,0.403,-11.419,-0.575,0,0,0,1,5,1
0,2,0,5,1.228,-7.601,0.390,0,0,1,1,4,0
1,6,2,6,1.623,-19.645,0.992,0,1,0,0,2,0
0,4,3,7,-0.211,-3.987,-0.305,0,1,0,1,3,1
1,2,3,5,1.568,2.988,-0.381,0,0,0,0,4,1
0,1,1,5,0.246,-14.545,0.086,0,0,0,0,5,1
0,1,1,1,-0.074,-2.018,-0.345,1,0,0,0,3,1
0,6,3,5,-0.834,-3.807,-0.660,0,0,0,0,3,1
0,5,0,4,0.452,-9.464,-0.920,1,0,0,0,3,0
0,6,2,2,-0.142,-9.610,0.357,0,0,0,0,1,0
0,5,2,4,0.717,4.904,-0.857,1,1,0,0,5,1
1,5,3,8,0.949,3.832,0.830,1,0,0,0,4,1
1,5,1,0,-0.211,0.111,0.534,0,1,0,1,3,1
0,0,1,0,-0.966,-12.109,0.501,0,1,0,0,2,1
0,4,3,1,0.757,-19.130,-0.470,0,0,0,0,4,1
1,1,2,8,1.869,-8.333,-0.691,0,0,1,1,5,0
0,3,0,3,-0.883,1.767,0.648,0,1,0,0,4,1
0,1,1,1,1.268,2.678,0.295,0,0,1,0,2,0
0,3,1,1,1.495,-5.281,-0.521,0,0,0,0,5,0
0,2,0,1,-0.647,-18.534,-0.071,0,0,0,0,1,1
0,5,3,1,0.562,-5.033,0.979,0,0,0,0,5,0
0,5,0,4,1.391,-16.323,-0.367,0,0,0,0,5,0
0,1,1,7,0.671,-6.401,-0.021,0,0,0,0,1,0
1,0,0,2,0.757,-4.996,0.092,0,0,0,0,3,1
0,5,0,1,0.605,1.842,-0.750,1,1,0,0,3,1
0,1,3,7,-0.562,-8.378,-0.400,1,0,0,0,5,0
0,3,1,8,0.720,3.173,0.468,1,0,0,0,3,1
0,2,0,5,-0.060,-1.184,-0.880,0,0,0,0,4,0
0,0,1,5,1.841,4.743,0.005,1,0,0,0,4,1
1,4,3,8,0.960,-14.592,0.998,0,0,0,0,4,0
0,3,0,6,0.086,-13.504,-0.701,1,0,0,0,3,0
1,6,3,1,0.322,1.160,0.644,0,0,1,0,2,1
0,3,0,2,1.247,-8.624,0.742,0,0,0,0,2,0
0,2,2,1,0.208,-2.524,-0.551,1,0,1,0,1,0
0,3,3,1,-0.697,-3.303,0.057,0,0,0,0,5,1
1,2,2,4,1.707,-17.038,0.990,0,0,0,0,4,1
0,4,3,5,-0.077,2.137,-0.576,0,0,1,0,3,1
0,6,0,2,1.153,4.984,-0.020,1,0,0,0,1,0
1,5,1,7,0.842,-12.454,0.046,0,0,0,0,2,1
1,1,3,8,1.391,0.146,0.292,0,0,0,0,4,1
0,3,2,7,-0.803,2.380,0.476,0,1,0,0,1,0
0,5,3,5,0.468,-18.964,0.270,0,0,1,0,5,1
0,6,3,5,-0.945,1.011,0.010,1,0,0,0,1,1
0,2,3,3,-0.000,-8.322,0.649,1,0,0,0,1,1
0,6,0,0,1.786,-7.155,0.519,0,0,0,0,2,0
0,4,1,8,-0.412,-2.354,-0.820,0,0,0,1,1,1
0,0,2,6,1.428,2.552,0.111,0,0,0,0,2,0
1,3,3,7,1.673,-17.235,-0.455,0,0,0,0,5,0
0,0,2,0,1.180,3.815,-0.774,0,0,0,0,5,1
0,1,1,5,-0.848,-5.250,0.112,0,0,0,1,2,0
0,6,2,6,0.494,-12.180,-0.297,0,0,0,0,3,0
0,2,3,0,0.198,-13.150,-0.657,0,0,0,0,4,1
0,2,2,5,-0.357,1.951,-0.509,1,0,0,0,5,1
0,3,2,2,1.709,-14.191,0.552,1,0,0,0,3,1
1,6,2,1,1.638,-8.516,0.539,0,0,0,0,5,1
0,1,3,0,-0.058,-0.996,0.257,0,0,0,0,1,0
0,6,0,2,1.855,2.730,0.536,1,0,0,0,1,1
0,0,2,3,-0.605,-6.060,0.575,0,0,0,0,2,1
1,0,3,7,0.112,-10.105,-0.081,0,1,1,0,2,1
0,4,1,4,1.110,-10.848,-0.339,0,0,0,0,1,1
0,5,2,8,1.563,-9.890,-0.498,0,0,0,0,2,0
0,2,1,1,0.389,-11.958,0.394,0,0,0,0,4,1
1,4,2,1,1.405,-13.441,0.782,0,0,0,0,5,0
1,6,0,7,1.569,-17.771,-0.572,0,0,0,0,5,0
0,3,1,4,1.907,-4.741,0.703,0,0,0,0,5,1
0,6,1,4,0.536,-16.081,-0.902,0,0,0,0,3,0
1,3,3,6,1.925,-17.393,-0.610,0,0,0,0,1,1
1,5,3,4,1.213,-6.819,-0.021,0,1,1,0,3,0
0,4,0,5,-0.826,1.199,0.813,1,0,0,0,1,1
0,5,2,1,0.209,-10.339,-0.289,0,0,1,0,1,1
0,0,2,4,-0.432,4.011,0.191,1,0,0,1,5,1
0,3,1,5,0.933,-2.989,-0.009,0,0,0,0,4,1
0,0,0,3,0.640,-6.157,-0.928,0,0,1,0,1,1
1,3,1,7,0.638,-5.727,-0.011,0,0,0,1,4,1
0,3,2,3,1.320,2.451,-0.684,0,0,1,0,2,1
0,0,1,6,0.545,3.036,-0.780,1,0,0,0,2,1
0,1,2,3,0.296,-1.505,-0.714,0,0,0,0,3,0
0,0,1,7,-0.356,-14.276,0.633,0,0,0,0,1,0
0,0,3,8,-0.288,-11.382,-0.434,0,0,0,0,4,0
0,2,0,5,-0.423,-0.793,-0.119,1,0,1,0,1,0
0,1,3,6,1.370,-7.914,-0.990,1,0,0,0,1,0
0,6,0,2,1.722,-6.255,-0.032,0,0,0,0,2,1
0,1,0,8,-0.984,-11.591,0.890,1,0,0,0,3,0
1,4,0,1,-0.310,-17.775,0.183,1,0,0,0,3,0
1,6,2,8,-0.320,1.281,-0.791,0,0,0,0,5,0
0,1,3,0,1.123,-15.488,-0.187,0,0,0,0,2,1
0,1,2,2,1.968,-14.651,0.233,0,0,1,0,3,1
0,0,0,4,1.493,2.255,-0.581,0,0,0,0,5,0
1,6,3,4,1.731,-3.683,-0.842,0,0,0,0,1,1
1,1,3,5,0.826,-17.347,-0.075,0,0,0,0,3,1
1,0,1,4,1.158,-18.325,-0.785,1,1,0,0,5,0
0,6,1,3,0.210,-3.866,-0.104,0,0,0,1,2,0
1,4,3,2,-0.856,-1.228,0.622,0,0,0,1,1,0
0,6,0,3,1.076,-10.532,0.114,0,0,0,1,3,1
1,6,3,2,0.799,-6.766,-0.232,0,0,0,0,4,1
0,1,0,1,-0.052,-11.810,0.242,0,0,0,0,2,0
1,0,0,0,-0.100,-8.202,-0.069,0,0,0,0,3,0
0,2,2,5,-0.078,-3.724,-0.087,0,0,0,0,5,1
0,5,1,1,0.453,-14.105,-0.218,0,0,0,0,3,0
1,1,0,6,0.435,-18.775,-0.048,0,0,0,0,3,1
1,3,2,1,0.169,-19.504,0.678,0,0,0,0,1,1
0,1,3,8,1.626,-7.731,0.487,1,0,0,0,2,1
0,4,2,1,-0.779,-16.245,0.185,1,0,0,1,4,0
1,6,0,7,-0.269,-7.981,-0.186,0,0,0,0,3,0
0,2,1,1,0.026,-6.745,0.789,0,0,0,0,2,1
0,1,2,3,0.783,-13.550,-0.851,1,0,0,0,3,0
1,4,1,1,0.451,-11.232,0.296,0,0,0,0,5,0
0,4,3,4,-0.861,-4.134,0.746,0,0,0,0,3,1
0,2,0,4,0.054,-14.590,-0.096,0,0,0,0,1,1
0,2,2,7,1.010,-15.746,-0.097,0,0,1,0,4,1
0,6,0,3,1.604,-11.223,0.482,0,1,0,0,5,1
0,3,1,5,0.931,2.052,-0.710,1,0,1,0,3,1
0,2,1,6,-0.684,-4.203,-0.899,0,0,0,0,5,1
0,0,3,3,0.015,-18.907,-0.366,0,0,0,0,2,1
0,3,0,4,-0.623,-11.217,0.929,1,0,0,0,3,1
0,1,1,7,0.761,-18.921,-0.868,1,0,0,0,5,0
0,4,0,8,0.919,-6.609,0.009,0,0,0,0,1,0
1,6,1,0,1.802,-4.101,-0.756,0,0,0,0,2,0
1,4,0,4,1.440,4.161,0.750,0,0,0,0,1,1
0,4,3,6,1.236,-11.424,-0.494,1,0,0,0,5,0
0,1,3,3,0.013,-6.789,-0.035,0,0,0,0,1,0
0,4,1,8,1.427,2.467,0.535,1,0,0,0,2,0
0,0,0,4,0.383,-13.334,-0.103,1,0,0,0,1,0
0,2,1,8,-0.661,4.668,0.843,1,0,1,1,5,1
0,0,0,1,-0.646,-12.735,0.044,0,0,0,0,3,1
1,4,1,6,1.864,-15.102,-0.163,1,0,1,1,2,0
0,0,3,4,1.367,-12.383,-0.663,0,0,0,0,4,0
0,4,2,8,-0.388,-2.123,0.544,0,0,0,0,3,0
0,0,2,8,1.847,-7.500,-0.339,0,0,0,1,5,0
0,2,0,6,-0.914,-4.510,-0.352,1,0,0,0,3,0
0,1,2,4,1.851,-16.241,-0.439,0,0,1,0,2,0
0,5,2,4,1.476,-2.532,0.095,0,0,1,0,2,0
0,0,2,8,0.777,-12.657,-0.044,0,0,0,0,2,0
0,0,0,1,0.529,-11.707,0.250,1,0,0,0,4,0
1,6,0,4,0.836,-8.881,0.163,0,1,0,0,1,1
1,4,2,5,1.482,-15.778,-0.815,0,0,0,0,4,0
0,1,2,5,-0.947,4.226,0.793,1,0,0,0,4,1
1,3,3,0,0.973,-10.620,0.648,1,1,0,0,3,1
0,3,2,1,-0.960,-12.343,0.586,0,0,0,0,3,1
0,2,0,3,0.928,-11.399,0.252,0,0,0,0,4,0
0,1,3,3,-0.241,-4.298,0.355,1,0,0,0,3,0
0,0,0,3,0.198,-6.781,0.261,0,0,0,0,4,0
0,1,3,2,0.664,0.908,-0.387,0,0,0,0,3,1
1,5,1,4,1.365,-3.851,-0.395,0,1,1,0,4,1
0,5,2,2,-0.535,-10.528,0.139,0,0,0,0,3,1
1,5,2,3,0.294,4.919,0.284,1,0,0,0,1,1
0,3,2,0,0.913,-14.339,0.410,0,0,0,0,5,1
0,5,3,8,0.986,-6.499,0.249,0,0,0,0,3,0
0,3,3,3,-0.904,-2.185,-0.275,1,0,1,0,1,0
1,5,3,1,1.166,-8.186,-0.396,0,0,0,1,2,0
0,4,3,2,1.279,3.261,-0.748,0,0,1,0,2,0
0,0,3,2,-0.540,-4.923,0.421,1,0,0,0,5,0
0,3,1,4,1.364,-7.331,-0.306,0,0,0,0,5,1
0,4,2,4,1.020,1.117,-0.270,1,0,0,0,4,1
0,4,1,1,-0.652,-15.900,0.755,1,0,0,0,2,0
1,3,1,1,0.501,-1.819,0.409,0,1,0,0,4,1
0,4,1,7,0.862,-9.817,0.321,0,0,0,0,3,0
0,2,2,0,1.921,-9.688,0.989,0,0,0,0,5,0
0,3,0,0,-0.890,-11.914,-0.808,0,0,0,0,3,1
0,2,2,7,1.215,-5.713,0.459,0,0,0,0,3,0
0,4,0,4,-0.160,3.958,-0.757,0,0,0,0,3,0
0,6,3,3,1.021,-1.178,0.447,0,0,0,0,4,0
0,6,1,1,-0.799,-19.790,-0.777,0,0,0,0,3,1
0,3,2,1,-0.661,-0.918,0.089,0,0,0,0,4,0
0,6,3,7,-0.225,-0.786,0.218,0,0,0,0,5,1
1,5,1,8,1.840,-5.673,0.313,0,0,0,0,1,0
1,4,2,2,1.832,-6.680,0.712,0,0,0,0,5,1
0,1,0,4,0.360,-19.769,0.193,0,0,1,0,1,0
0,3,1,1,1.298,0.991,-0.904,0,0,0,0,3,0
0,6,3,5,-0.340,4.514,0.973,0,0,0,0,5,0
0,6,1,5,-0.123,0.438,-0.561,0,0,0,0,4,0
1,6,0,2,-0.598,-6.456,-0.954,0,0,1,1,5,0
0,0,1,5,-0.257,-12.948,0.966,0,0,0,0,2,1
0,6,0,5,0.067,1.305,0.369,0,0,0,0,5,0
0,5,2,0,-0.048,-4.061,-0.571,0,0,0,0,5,0
0,2,0,2,0.517,-0.209,0.502,0,0,0,0,3,1
0,3,0,6,0.106,-18.375,0.620,1,0,0,0,1,1
0,4,3,6,1.327,-6.293,0.617,0,0,0,0,1,1
0,5,3,2,0.100,-8.429,0.732,0,0,0,0,2,1
0,5,0,5,-0.096,-3.209,-0.829,0,0,0,1,4,1
0,5,1,8,0.575,-5.342,-0.570,0,0,0,0,2,0
0,2,3,6,0.790,0.766,-0.659,0,0,0,1,2,1
1,6,2,6,-0.663,-4.738,-0.012,0,0,0,0,1,1
0,3,0,8,-0.204,1.910,-0.328,0,0,1,0,5,1
0,3,3,3,0.699,-15.604,0.193,0,0,0,0,2,1
1,0,2,4,0.580,-10.742,0.586,0,1,0,0,4,1
1,6,2,8,-0.015,-14.712,0.297,1,0,0,0,5,1
1,4,3,8,-0.229,-17.294,-0.569,0,1,0,0,4,1
0,6,0,0,-0.734,1.850,0.170,0,0,0,0,4,1
1,1,0,4,1.292,-4.724,0.172,1,1,1,0,2,1
0,3,0,2,0.972,4.230,0.347,0,1,0,0,3,0
0,5,2,3,0.497,-8.225,0.825,1,0,0,0,5,1
0,2,1,2,1.141,-17.520,0.477,0,0,0,0,1,1
0,4,0,3,0.392,-0.749,0.560,1,0,1,0,5,1
1,5,3,1,-0.072,-9.988,-0.891,0,0,1,1,4,0
0,1,2,3,0.287,-8.252,-0.632,0,0,0,0,3,1
1,4,3,2,-0.002,0.394,-0.429,1,0,0,0,4,0
0,5,0,3,1.442,4.676,-0.428,0,0,0,0,3,1
0,4,2,0,-0.211,-3.991,0.397,1,0,0,1,4,0
1,2,2,1,0.823,-10.510,-0.991,1,0,0,0,3,1
0,1,1,0,1.124,2.134,0.947,1,0,1,0,2,0
0,1,3,0,1.935,-16.852,0.200,1,0,0,1,5,0
0,3,1,4,1.926,-15.742,-0.922,0,0,0,0,5,1
0,5,1,2,1.212,-8.652,0.345,0,1,0,0,1,1
0,2,0,2,1.816,4.333,-0.542,1,0,0,0,4,1
0,6,1,7,0.272,-1.431,0.900,0,0,0,0,5,1
0,0,3,8,1.322,-11.609,0.080,0,0,0,0,2,1
0,3,3,7,-0.277,-5.696,0.454,0,0,0,0,5,1
1,1,3,3,1.444,-10.407,-0.412,0,0,0,0,2,0
0,0,0,2,0.893,-8.036,0.949,0,1,0,0,4,0
0,3,0,3,-0.583,0.498,0.404,1,0,1,0,5,1
0,4,1,4,-0.300,-6.298,-0.075,0,0,0,0,5,1
1,2,2,7,0.097,-10.345,0.529,1,0,0,0,3,1
0,2,3,4,1.540,3.396,-0.723,0,0,0,0,2,0
1,6,3,6,0.856,0.114,0.467,0,0,0,0,4,1
0,3,0,7,1.748,-18.980,0.513,0,1,0,0,4,0
0,5,0,8,0.906,-4.145,-0.587,1,0,1,1,5,1
0,6,0,4,1.715,-15.884,-0.133,1,0,0,0,2,0
0,2,0,3,1.288,-0.915,-0.744,0,0,1,0,5,0
1,5,2,5,0.993,-16.306,0.059,0,0,0,1,2,1
0,5,0,4,0.217,-5.015,0.993,0,0,0,0,2,0
0,4,3,1,-0.094,-12.743,0.241,0,0,0,0,2,1
1,2,1,4,0.265,-5.917,-0.030,1,0,0,0,5,1
0,3,2,3,0.206,-16.543,-0.046,0,0,0,0,3,1
0,0,3,7,0.401,-14.137,-0.567,1,0,0,0,5,0
1,3,3,2,0.516,-5.711,0.719,0,1,0,0,5,1
1,2,1,3,0.907,-19.951,-0.281,0,0,0,0,5,1
0,3,3,8,-0.888,1.548,0.453,1,0,0,0,5,1
0,1,0,7,1.235,-1.826,-0.545,0,0,0,0,5,1
1,6,3,3,0.418,-9.299,0.462,0,0,0,0,1,0
0,1,0,1,-0.711,-1.078,-0.251,0,0,1,0,1,0
1,5,0,7,0.994,-12.255,0.206,1,0,0,0,1,0
1,3,1,8,1.955,0.585,0.853,0,0,0,0,3,1
1,6,3,8,1.681,-5.616,0.380,0,1,0,0,1,1
1,5,0,8,0.027,-0.063,0.814,1,1,0,1,1,0
1,4,3,1,1.403,-17.933,0.120,1,0,0,0,3,0
0,3,3,0,0.203,-15.852,-0.270,0,0,1,0,2,0
0,6,0,6,-0.525,3.068,-0.744,0,0,0,0,2,1
0,3,2,3,1.107,-12.192,0.472,0,0,0,0,2,0
0,2,3,7,1.461,1.551,0.017,1,0,0,0,5,1
0,3,0,1,0.096,-10.314,-0.659,0,0,0,0,1,0
0,6,0,3,0.484,4.034,-0.668,1,0,0,0,2,1
0,6,1,0,-0.814,-2.672,0.802,0,0,1,0,2,1
0,0,2,6,0.953,-19.130,0.127,0,1,0,1,4,0
0,0,0,0,1.903,4.430,-0.067,0,1,0,0,4,1
0,5,0,2,0.397,-9.565,-0.199,0,1,0,0,1,0
0,2,1,6,1.031,-0.511,-0.673,1,0,1,0,3,1
1,6,1,1,-0.566,-9.537,0.215,1,0,0,0,1,1
0,0,0,2,0.353,-5.579,0.249,1,0,1,0,5,1
0,2,1,1,-0.055,0.507,0.505,0,0,1,0,1,1
1,5,2,0,1.751,-3.099,-0.232,0,0,1,1,4,0
1,2,2,1,0.882,-13.515,-0.183,1,0,0,0,4,0
0,3,0,1,0.807,-0.018,-0.090,0,0,1,0,4,0
1,6,0,7,1.802,-3.623,-0.806,1,0,0,0,4,0
0,1,0,5,1.603,-5.238,0.141,0,0,0,0,4,1
0,6,1,8,0.933,-7.515,-0.898,0,0,0,0,3,1
1,3,2,8,-0.363,-19.632,0.377,0,0,1,0,5,0
0,2,1,6,1.315,4.124,0.067,0,0,0,1,4,0
0,5,3,5,1.155,-8.033,-0.989,0,0,1,0,4,1
0,4,0,5,1.388,-17.605,-0.346,0,0,0,1,2,1
0,3,1,1,1.101,-16.616,-0.321,0,1,0,0,2,1
0,3,0,0,0.953,-9.161,0.825,0,0,0,0,3,0
0,2,2,6,1.558,-5.774,0.331,0,0,0,0,1,0
1,5,1,0,1.313,-11.705,0.162,1,0,0,0,5,0
0,4,0,3,0.415,-14.886,-0.389,1,0,0,0,2,1
0,5,3,5,0.672,-4.060,-0.300,1,0,0,0,5,0
0,1,3,6,1.883,-2.818,-0.413,1,0,0,0,2,0
1,6,1,0,0.999,-14.784,0.189,0,0,0,0,4,1
0,3,3,0,1.820,-16.786,-0.468,0,0,0,0,2,0
0,3,3,4,0.387,-11.854,-0.746,0,0,0,0,5,0
0,1,1,3,-0.730,-17.504,0.856,1,0,0,0,3,0
1,1,1,5,0.451,-16.131,-0.761,1,0,0,0,4,0
1,4,0,8,0.681,-6.862,-0.676,1,0,0,1,3,1
0,4,1,4,-0.445,-1.570,0.921,0,1,0,0,2,1
0,6,0,7,-0.228,-18.453,-0.835,0,0,0,0,5,0
0,3,0,0,0.752,-10.339,0.949,0,1,0,0,4,0
0,1,0,0,0.720,-15.635,0.420,1,0,0,0,4,0
0,4,2,1,1.456,-15.596,-0.676,0,1,1,0,2,1
0,5,3,3,0.478,-0.958,-0.466,0,0,0,0,3,1
1,1,2,8,1.096,-16.246,-0.648,0,0,0,0,5,0
0,2,0,8,0.251,-4.879,0.622,0,1,0,0,4,0
0,3,3,8,0.328,-7.751,-0.371,0,0,1,0,2,0
0,5,0,7,1.613,-6.642,-0.085,0,0,0,0,4,0
0,3,3,0,1.197,-15.538,-0.325,0,0,0,0,2,1
0,0,3,2,1.022,-5.844,-0.033,0,0,1,0,1,0
0,5,1,3,0.183,4.158,-0.940,0,0,0,0,5,0
0,5,1,7,0.493,-7.308,-0.038,0,0,0,0,3,1
0,4,0,1,0.609,-5.984,-0.961,0,1,0,0,3,1
0,4,0,6,-0.055,2.188,-0.425,1,0,0,0,1,1
0,0,1,6,1.168,-16.401,-0.340,0,0,0,0,1,0
0,4,1,7,0.863,-13.411,0.970,0,0,0,0,1,0
0,0,0,7,0.631,-8.541,-0.748,0,1,0,0,5,0
1,5,2,4,0.932,-9.687,-0.132,0,0,0,0,4,1
0,6,1,0,-0.402,-14.830,-0.228,0,0,0,0,2,1
1,5,3,8,1.527,-1.938,-0.608,1,0,0,0,3,1
0,5,1,8,-0.260,1.979,-0.886,1,0,0,0,3,0
0,1,0,2,0.045,-6.368,0.364,1,0,0,1,5,0
0,1,0,0,-0.733,1.435,-0.246,0,0,0,0,4,1
0,2,2,5,1.758,-3.059,-0.833,0,0,0,0,2,0
0,4,1,5,1.346,-8.926,-0.423,0,0,0,0,4,0
1,4,2,6,1.017,-9.327,0.827,1,0,0,0,2,0
0,3,1,1,0.496,1.174,0.884,0,1,0,0,5,1
0,2,0,2,-0.659,-16.374,-0.625,0,0,0,0,3,1
1,0,1,4,1.459,-4.318,-0.654,1,0,1,0,4,1
0,1,3,5,-0.940,-19.271,0.568,0,0,0,0,3,1
0,4,3,4,-0.754,1.135,0.339,0,0,0,0,5,1
1,2,0,0,0.599,1.708,0.125,0,0,0,0,5,0
1,4,2,4,1.819,-7.822,0.020,0,0,0,1,3,0
1,6,2,0,1.559,-5.994,0.706,0,0,0,1,5,1
0,0,1,3,0.200,-8.722,0.635,0,0,0,0,4,1
0,5,3,8,1.177,-6.239,0.685,1,0,0,0,4,1
0,5,1,7,-0.599,-5.586,0.521,0,0,0,0,3,0
1,0,3,5,1.934,-5.582,0.231,0,0,0,0,4,0
0,5,2,3,1.804,-17.386,0.232,0,1,0,0,2,1
1,6,3,8,1.274,-1.539,0.904,0,0,0,0,3,1
0,4,1,1,0.510,-3.022,-0.061,0,0,0,0,1,1
0,4,0,2,0.397,-19.521,0.773,0,0,0,0,4,0
0,4,1,6,1.664,3.757,-0.491,1,0,0,0,3,1
0,0,2,6,1.627,-6.165,-0.258,1,0,1,0,2,1
1,3,3,6,1.004,-8.450,-0.442,1,1,0,0,1,1
0,5,1,1,0.023,-1.498,0.423,1,0,0,0,1,0
1,0,2,8,-0.205,-0.542,0.726,1,0,0,0,2,1
0,2,1,6,-0.345,-2.331,0.394,0,0,0,0,3,1
0,0,1,3,1.121,-2.513,-0.219,0,0,1,0,5,0
0,4,0,6,-0.182,-4.597,0.989,0,0,0,0,1,1
0,4,2,3,1.288,-2.241,0.667,1,0,0,1,1,1
0,0,0,2,0.354,2.637,-0.878,0,0,0,1,4,1
1,4,2,7,0.741,-6.624,0.643,0,1,0,0,1,1
0,2,0,1,-0.354,2.653,0.716,0,0,0,1,4,0
0,4,0,6,1.836,0.438,0.515,1,0,1,0,2,0
0,3,3,7,0.599,-8.593,-0.133,0,0,1,0,3,1
1,6,2,6,1.972,-9.825,0.719,0,0,0,0,3,0
0,4,2,2,-0.327,-1.705,0.457,0,0,0,0,2,1
0,3,1,6,0.677,-8.153,-0.719,0,0,0,1,1,0
0,0,1,4,0.975,-12.120,0.068,1,0,0,0,1,0
0,0,0,6,-0.402,1.943,-0.879,0,0,0,0,4,0
0,2,1,5,-0.602,-4.847,-0.355,1,0,1,0,4,0
1,6,2,2,0.827,-10.815,-0.962,0,1,0,0,4,0
0,1,0,6,1.124,-15.937,-0.386,0,0,0,1,1,1
0,1,1,4,1.360,-5.813,0.422,0,0,0,0,4,1
1,3,2,3,0.414,0.300,-0.439,0,1,1,1,3,1
0,1,1,5,-0.264,-0.503,-0.277,1,0,0,0,5,0
1,0,3,0,1.718,-4.902,0.671,1,0,0,0,4,0
1,6,0,4,-0.479,-18.345,0.460,0,0,0,0,4,0
1,6,2,0,1.545,-12.518,0.071,0,0,0,1,1,0
0,5,3,5,0.503,-9.449,-0.939,0,0,0,0,5,1
0,5,1,4,0.120,1.473,0.899,0,0,0,0,1,0
1,0,3,8,0.735,-10.071,-0.682,1,0,0,0,5,0
0,2,1,1,-0.078,-0.894,-0.874,1,0,0,0,1,0
0,1,1,0,0.850,-13.474,-0.151,1,0,0,0,3,0
0,3,0,6,1.579,-0.249,0.960,0,0,0,0,5,0
0,5,1,3,-0.222,-13.921,-0.585,1,0,0,0,2,1
0,0,1,3,1.796,-13.008,0.197,0,0,0,0,5,0
0,4,3,3,-0.791,-13.097,0.864,0,0,0,0,5,0
0,2,3,0,1.347,-1.382,0.184,1,0,0,0,2,1
0,3,3,1,-0.176,-9.600,-0.522,1,0,0,0,1,0
0,4,0,5,-0.438,-15.783,-0.520,0,0,0,0,4,0
0,2,3,3,-0.646,-9.012,0.812,0,0,0,0,3,0
0,1,0,6,-0.987,-18.750,0.258,1,0,0,0,1,1
1,1,2,3,1.978,1.800,0.934,0,0,0,1,5,0
1,5,0,3,1.193,-4.499,-0.041,1,0,0,0,3,0
0,5,0,1,-0.608,-4.899,0.304,0,0,0,0,3,1
1,6,0,8,0.443,1.787,0.585,0,1,0,1,5,0
1,5,1,3,-0.588,-3.097,-0.146,1,0,0,0,3,0
0,0,0,4,0.153,-10.667,0.348,1,0,0,0,5,1
0,3,0,2,-0.468,-4.723,0.814,0,0,0,1,3,1
0,2,1,5,1.933,-2.594,-0.966,0,0,0,0,2,0
0,1,0,1,1.946,0.853,-0.904,1,0,0,0,1,0
0,2,1,6,-0.101,-17.579,-0.126,0,0,0,0,5,1
0,0,2,7,1.763,-17.509,-0.644,0,0,0,1,3,1
0,4,2,1,0.180,1.635,0.654,0,0,0,0,1,1
0,0,2,8,1.156,-7.689,-0.449,0,0,0,0,5,1
0,0,3,5,-0.509,-18.049,0.937,0,0,0,0,1,1
0,6,0,5,-0.374,1.749,0.982,1,0,0,1,3,0
1,6,3,5,0.657,-4.261,0.769,1,0,1,0,4,0
0,6,1,4,-0.253,1.027,0.770,1,0,0,0,3,0
0,4,3,0,-0.390,0.174,0.437,0,0,0,0,1,1
1,5,0,8,1.708,-10.351,0.931,0,0,0,0,3,1
0,5,2,5,-0.520,-11.225,-0.237,0,0,0,0,2,0
1,4,2,6,-0.316,-17.720,-0.533,0,1,0,0,4,0
0,0,3,4,0.748,-4.861,0.611,1,1,0,0,4,1
1,5,2,6,1.384,-18.768,-0.093,0,0,0,0,4,1
0,0,2,7,0.649,-19.740,-0.098,0,1,0,0,1,0
0,4,1,5,0.918,-10.420,0.684,1,1,0,0,5,1
0,0,3,7,0.860,-3.491,0.060,0,0,0,0,5,0
0,3,0,1,0.547,-3.286,-0.191,0,1,1,0,1,1
0,4,0,6,1.588,-9.765,-0.744,0,0,0,0,1,1
1,5,3,8,1.157,-15.641,-0.416,0,0,0,0,3,1
0,2,1,1,0.650,1.102,0.288,0,0,0,0,1,0
0,1,2,3,1.431,-8.435,-0.795,0,0,0,1,1,1
1,6,1,1,1.891,-13.545,0.599,0,1,0,1,5,0
0,3,1,4,0.930,-3.611,-0.588,1,0,0,0,4,0
0,3,0,5,0.250,1.373,0.003,0,0,0,0,4,0
1,2,3,0,1.982,-5.666,-0.822,0,0,0,0,2,1
0,2,1,3,1.560,2.693,0.292,0,0,0,0,5,1
0,4,0,7,0.133,-18.748,-0.998,0,0,0,0,1,0
0,2,0,6,-0.731,-15.485,0.728,0,0,0,0,3,0
0,0,1,1,0.977,3.767,-0.843,1,1,0,0,3,0
0,5,0,6,1.021,3.574,-0.742,1,0,0,0,1,1
0,2,2,0,1.110,-19.136,0.335,0,0,0,1,3,1
0,0,3,2,0.557,-16.935,-0.380,0,1,0,0,4,1
0,5,0,8,-0.074,1.053,-0.370,0,0,0,0,3,0
1,5,2,3,-0.132,1.132,0.019,0,0,1,0,2,0
0,5,2,2,-0.729,-9.145,-0.516,0,0,0,0,2,1
0,0,3,5,0.837,-17.669,-0.754,0,0,0,0,3,1
1,3,0,1,1.952,-16.490,0.948,1,0,0,1,4,1
0,1,2,4,0.868,-11.488,0.900,1,0,0,0,1,0
0,2,3,5,1.458,-4.356,-0.607,1,0,0,0,1,1
0,2,2,2,1.873,-19.299,-0.556,0,0,0,0,2,1
0,1,2,1,-0.433,-10.732,-0.329,0,0,0,0,4,1
1,5,3,5,0.799,-11.275,-0.321,1,0,0,0,3,1
1,3,3,2,0.949,-2.477,-0.368,1,1,1,0,5,1
0,0,2,8,0.187,1.500,-0.188,0,0,0,0,4,0
0,4,2,1,0.932,3.727,-0.182,0,0,0,0,4,0
1,4,3,5,1.718,-7.570,0.322,1,0,0,0,5,0
0,0,2,4,1.774,4.305,0.375,0,0,0,0,1,1
0,2,0,4,0.838,-10.180,0.172,0,0,0,0,4,1
0,0,0,7,1.287,-3.504,-0.711,0,0,0,1,5,1
0,3,1,7,0.467,-14.947,-0.690,0,0,0,0,3,0
0,3,1,6,0.444,-6.023,-0.025,0,1,0,0,2,0
0,2,2,6,-0.270,-6.567,0.989,0,0,0,0,5,1
0,2,0,7,1.998,-14.554,-0.634,1,1,1,1,3,0
0,3,1,3,-0.389,1.825,-0.942,0,0,1,0,1,0
0,0,1,5,-0.337,4.195,0.171,0,0,0,0,5,1
1,6,2,5,0.863,-0.866,-0.311,0,0,1,1,1,1
1,6,3,0,1.718,-14.350,-0.566,0,0,0,1,2,0
1,6,2,4,-0.918,0.520,0.138,1,0,0,0,3,0
0,1,0,0,-0.496,-13.552,-0.196,0,0,0,0,5,0
0,2,3,1,1.215,4.738,0.692,0,0,0,0,4,0
1,4,3,1,0.952,-19.330,-0.051,1,0,0,0,3,0
0,6,1,3,1.160,-2.348,-0.710,1,0,1,0,2,0
0,4,2,0,0.587,-18.914,0.886,0,0,0,0,5,1
0,0,3,3,-0.666,0.399,0.959,0,0,0,0,4,0
0,0,2,5,1.561,-10.742,0.348,0,0,0,0,1,1
0,3,2,6,0.358,2.524,-0.205,1,0,0,0,3,1
1,5,3,7,0.158,4.735,0.187,1,1,0,0,4,1
0,1,1,4,1.428,-16.457,0.822,0,0,1,0,5,1
0,0,3,0,1.470,-7.196,-0.664,0,0,0,0,3,0
1,3,3,4,1.593,-2.942,0.101,1,1,1,0,2,0
0,5,2,0,-0.637,-13.025,0.335,1,0,0,0,5,1
0,6,1,7,1.877,-11.653,-0.520,0,0,0,0,2,1
0,3,1,3,-0.763,-15.931,0.969,0,0,0,0,4,1
0,3,1,1,-0.139,1.397,0.149,0,0,0,0,4,0
1,6,1,5,1.288,-16.637,0.910,1,0,0,0,3,1
0,1,0,3,0.223,-4.984,0.138,1,0,0,0,1,1
0,2,0,7,0.175,3.116,0.520,0,0,0,0,3,1
0,1,0,5,1.493,-13.703,-0.197,0,0,0,1,2,0
1,2,3,0,1.080,-10.858,0.162,0,0,1,0,3,1
0,2,1,1,-0.901,-4.662,-0.812,0,0,0,0,2,1
1,5,3,2,-0.332,-5.617,-0.114,0,0,0,0,4,1
0,3,3,5,1.351,-2.527,0.697,0,0,0,0,3,0
0,6,1,1,0.648,-4.201,0.134,0,0,0,1,2,0
0,1,3,3,-0.257,-6.144,-0.586,0,0,0,0,1,0
0,6,3,1,0.123,-11.806,0.389,1,0,0,0,4,0
0,6,0,5,1.513,-6.484,-0.352,0,0,0,0,3,1
0,6,2,0,1.959,1.300,-0.399,0,0,1,0,4,0
0,4,0,7,1.030,-4.117,-0.995,0,0,0,0,1,0
0,1,2,7,0.688,-17.108,0.444,1,0,0,0,5,0
1,4,3,6,-0.471,3.246,0.214,1,0,0,0,5,1
0,3,1,6,0.327,1.566,-0.332,0,0,0,0,4,0
0,5,3,8,-0.956,-12.193,-0.609,0,0,0,0,2,1
1,6,3,1,1.280,-7.086,-0.657,1,0,1,0,4,1
1,2,1,7,1.226,-17.954,0.412,1,1,0,0,5,0
1,4,3,3,-0.728,-9.211,0.762,1,1,0,0,2,0
1,2,2,0,1.900,-1.216,-0.743,1,0,0,0,2,1
0,5,0,6,1.884,0.713,-0.402,0,0,1,0,5,1
0,2,0,1,0.636,-1.795,-0.447,0,0,0,0,3,1
0,2,0,2,-0.464,-18.726,0.078,1,0,0,0,4,0
0,5,2,3,-0.246,4.748,-0.480,0,0,0,1,1,1
0,6,0,7,0.882,-4.533,-0.697,0,0,1,0,3,1
0,2,0,3,-0.054,2.531,-0.033,0,0,0,0,4,1
0,5,3,0,0.304,-19.265,0.529,1,0,0,0,3,1
0,0,2,7,0.253,4.537,0.389,0,0,0,0,4,0
0,3,2,3,1.567,-1.919,-0.195,0,0,0,0,5,0
0,3,1,4,0.455,-13.403,0.030,0,0,0,1,2,0
0,4,1,1,0.013,-6.035,0.497,0,0,0,0,5,1
0,2,2,5,1.754,-12.556,0.004,0,1,0,0,2,0
0,3,0,4,-0.036,-4.701,-0.206,0,0,1,0,5,0
0,5,0,7,-0.970,-9.425,-0.874,0,0,0,0,2,0
0,3,2,7,1.786,-5.588,0.483,0,0,0,0,4,1
0,1,2,8,0.296,-5.383,-0.641,0,0,1,0,5,1
0,0,1,0,1.870,-18.832,0.110,0,0,0,0,5,0
0,2,3,1,0.733,-16.905,0.533,0,0,0,0,1,1
0,2,3,5,-0.629,-13.754,-0.467,0,0,1,0,2,0
0,2,3,0,0.647,-15.365,-0.222,1,0,0,0,1,1
1,4,2,2,-0.864,-5.769,-0.114,1,0,0,0,1,1
0,6,1,4,-0.798,-4.738,-0.195,0,0,1,0,2,1
0,4,2,4,-0.405,-19.536,0.784,0,0,0,0,4,1
0,0,1,1,0.291,-19.327,0.436,1,0,0,0,4,0
0,0,1,3,1.039,-10.767,-0.315,0,0,0,0,1,1
0,0,1,6,-0.501,2.444,-0.718,0,0,0,0,4,0
1,6,3,1,-0.277,-17.086,-0.187,0,0,0,0,4,1
0,5,3,7,-0.617,-5.995,-0.364,0,0,0,0,1,0
1,4,3,0,-0.402,-17.150,0.666,1,0,0,0,2,0
0,2,1,4,-0.170,-5.870,-0.977,1,1,1,0,4,0
0,0,0,3,-0.718,-6.977,-0.922,1,0,1,0,5,0
0,5,1,5,-0.552,-14.488,0.853,1,0,0,0,2,0
1,6,3,7,0.446,-2.252,0.925,0,0,0,0,4,0
1,5,1,1,1.516,3.602,-0.222,0,0,0,0,1,1
0,4,1,7,0.112,-15.573,-0.207,1,0,0,0,4,1
0,3,1,7,1.294,-5.135,-0.506,0,0,0,0,3,1
1,6,3,5,-0.202,0.482,-0.565,1,0,0,0,5,0
0,1,3,3,1.436,4.735,-0.505,0,0,0,0,4,1
1,1,2,4,1.888,-9.775,-0.184,1,0,0,1,3,1
0,2,0,7,1.841,-9.616,-0.270,1,0,0,0,5,0
1,5,1,2,0.984,-0.322,-0.794,1,1,0,0,5,1
0,1,0,8,1.092,-13.416,-0.707,0,0,0,1,1,0
0,5,3,6,-0.633,-19.540,-0.282,1,0,0,0,5,1
0,6,3,8,0.884,-3.004,-0.633,0,0,0,0,1,0
0,3,3,2,1.995,4.840,0.232,0,0,0,0,1,1
0,2,0,4,1.578,-10.340,-0.128,0,1,1,0,5,0
0,3,2,3,-0.310,-8.661,-0.648,1,0,0,0,5,1
0,0,3,6,1.001,-2.189,-0.195,0,0,0,0,1,1
0,2,0,2,1.721,-14.190,-0.774,0,0,0,0,2,1
0,3,3,4,-0.785,2.184,0.961,0,0,0,0,4,0
0,3,0,2,1.614,-10.063,0.858,0,0,1,0,1,0
1,5,2,4,0.288,-1.865,0.599,1,0,1,0,4,0
1,6,0,2,1.021,-12.831,-0.859,0,0,1,0,4,1
0,2,1,3,1.716,-7.840,-0.532,0,0,0,0,2,1
1,3,2,1,1.672,-9.017,-0.784,1,0,0,0,4,0
0,5,1,6,0.898,-3.148,-0.141,0,0,0,0,5,1
1,1,2,1,0.387,-9.280,0.692,1,1,0,1,1,0
0,3,2,3,1.269,-16.557,0.380,1,0,0,0,3,0
0,0,2,4,1.589,-11.562,-0.700,1,0,0,0,2,0
1,0,3,8,-0.803,-7.490,0.448,1,0,0,1,5,1
0,1,1,7,-0.519,-5.195,0.551,0,0,0,1,1,0
0,0,2,8,1.332,0.499,0.050,0,0,0,1,2,1
1,4,2,8,1.189,1.797,0.024,1,0,0,0,5,1
0,0,0,4,-0.844,2.513,-0.708,0,0,0,0,4,0
0,0,1,3,0.918,-16.992,0.840,0,1,0,0,3,0
0,1,3,0,-0.771,-3.117,-0.638,0,0,0,0,1,1
0,3,2,4,0.531,-4.251,0.841,0,1,0,0,3,0
0,6,1,0,-0.347,-4.965,-0.319,0,0,0,0,4,0
0,2,3,4,1.703,-6.982,0.702,0,0,0,1,3,0
0,3,1,8,-0.200,-13.147,-0.811,1,0,0,1,2,0
0,1,0,6,1.075,4.810,0.051,0,0,1,0,4,0
1,2,1,0,1.571,-1.609,0.517,1,0,0,0,3,0
1,6,3,5,0.734,3.063,-0.126,1,0,0,0,4,1
0,3,2,1,1.855,-16.167,0.177,0,0,1,0,1,0
0,5,2,7,0.134,0.448,0.480,0,0,0,1,1,0
0,0,0,8,-0.789,2.876,-0.055,1,0,0,0,4,1
0,3,2,0,0.580,-5.291,0.303,0,0,0,0,4,0
0,4,3,2,-0.212,-9.374,0.262,0,0,0,0,4,1
1,6,3,7,1.551,-15.326,0.073,1,0,0,0,5,0
0,3,3,8,0.682,-18.766,0.143,0,0,0,0,2,1
0,2,3,4,1.148,-12.644,0.325,0,0,0,1,2,1
0,1,2,1,0.033,-10.652,0.313,0,0,0,0,5,1
1,4,0,8,1.734,-11.333,-0.836,1,1,0,1,3,0
0,2,2,2,-0.921,-1.783,-0.193,0,1,0,0,2,0
0,4,1,7,0.316,0.267,0.116,0,1,0,0,3,1
1,2,2,5,0.755,-11.390,0.932,1,1,0,0,4,0
1,3,1,6,1.914,4.712,0.809,0,0,0,0,2,1
0,5,0,3,1.625,-3.153,-0.061,1,0,0,0,1,0
1,6,3,4,-0.436,-13.736,-0.955,1,0,0,0,1,0
1,4,3,2,-0.480,-4.327,0.393,0,0,1,0,3,1
0,0,1,3,0.282,-16.719,-0.315,0,0,1,0,5,0
0,2,1,5,1.334,-12.139,0.740,0,0,0,0,3,1
1,1,2,4,0.541,-17.923,0.521,0,0,1,1,5,0
0,2,1,2,1.543,3.278,-0.224,0,0,0,0,2,1
0,1,3,4,0.066,-5.021,-0.528,1,0,0,0,1,1
0,6,2,3,-0.948,-8.392,-0.479,1,0,0,0,2,1
0,0,0,6,1.650,-14.844,-0.450,0,0,0,0,3,1
1,4,1,1,1.601,-18.941,0.449,1,0,0,0,1,0
1,5,2,3,1.895,-14.318,-0.389,0,0,0,0,1,1
0,1,3,7,-0.523,-12.366,-0.344,0,1,0,0,1,1
0,3,1,6,1.578,0.947,0.433,0,0,0,0,3,0
1,6,3,1,0.979,-9.356,-0.994,0,1,0,0,4,0
1,1,1,2,1.503,1.385,0.028,1,0,0,0,5,1
0,5,0,0,1.789,-8.086,-0.658,0,0,0,0,3,1
0,6,1,5,-0.765,-9.150,0.378,0,0,0,0,2,1
0,0,1,2,1.767,-8.149,0.804,0,0,0,0,4,1
0,2,2,0,-0.733,4.149,-0.948,0,0,0,0,1,1
0,3,0,5,-0.467,-7.872,-0.167,1,0,0,0,4,1
0,5,0,5,0.618,-13.457,0.569,0,0,0,1,4,1
0,5,1,5,0.612,-0.469,0.432,1,0,0,0,3,0
0,5,0,6,1.490,-4.753,-0.305,0,0,0,1,3,0
0,5,1,7,1.349,-14.853,0.429,1,0,0,0,1,0
0,3,1,7,0.765,-1.061,0.863,0,0,0,0,1,0
0,2,3,8,1.250,-14.262,0.433,0,0,0,0,4,0
0,1,3,0,1.999,-15.159,0.252,0,0,0,1,3,0
0,6,0,7,0.487,0.992,0.402,1,0,0,0,2,0
1,6,1,2,0.714,-1.354,-0.844,1,0,0,0,2,0
0,5,1,6,-0.431,-1.231,0.438,0,0,0,0,2,1
0,0,3,1,1.183,-10.962,0.591,1,0,0,0,3,1
1,5,1,3,0.849,-17.017,0.143,1,0,0,0,4,1
0,2,1,3,0.958,-2.375,0.736,0,0,0,0,3,1
0,0,1,6,-0.060,-18.245,-0.324,0,1,0,0,1,1
1,4,0,8,-0.064,-12.280,0.930,0,0,0,0,5,0
1,2,3,8,0.950,-19.338,0.547,0,0,0,0,4,1
0,1,1,1,0.036,-6.482,0.943,0,0,0,0,5,0
0,0,0,5,-0.849,4.207,0.422,0,0,1,0,1,0
0,2,1,8,-0.681,-17.292,-0.224,1,0,0,0,5,1
